Epoch,Step,Loss,Discrim_empi,Compress_empi,Discrim_theo,Compress_theo
0,0,-21.790115356445312,54.8855094909668,27.852985382080078,31.10521125793457,27.852983474731445
0,49,-21.920604705810547,55.06275939941406,27.79263687133789,31.285072326660156,27.79263687133789
0,99,-21.34178924560547,54.11504364013672,27.818096160888672,30.345130920410156,27.818092346191406
0,149,-21.684242248535156,54.594512939453125,27.681169509887695,30.822040557861328,27.681167602539062
1,0,-21.948570251464844,54.90238952636719,27.482166290283203,31.127208709716797,27.48216438293457
1,49,-21.662376403808594,54.55659866333008,27.678955078125,30.789817810058594,27.678955078125
1,99,-21.35053062438965,53.975399017333984,27.58677864074707,30.210302352905273,27.58677864074707
1,149,-21.55573272705078,54.38051986694336,27.68145179748535,30.60967445373535,27.68145179748535
2,0,-20.98584747314453,53.15243911743164,27.2640438079834,29.40185546875,27.2640438079834
2,49,-21.980697631835938,55.14541244506836,27.76637840270996,31.367277145385742,27.766374588012695
2,99,-22.207107543945312,55.551063537597656,27.80882453918457,31.76510238647461,27.80882453918457
2,149,-21.185352325439453,53.553993225097656,27.367612838745117,29.79660415649414,27.367612838745117
3,0,-21.21466827392578,53.686744689941406,27.49344825744629,29.93004608154297,27.49344825744629
3,49,-21.419574737548828,54.143836975097656,27.666826248168945,30.379724502563477,27.666826248168945
3,99,-21.800697326660156,54.78801345825195,27.68028450012207,31.006959915161133,27.680282592773438
3,149,-21.880054473876953,54.83673095703125,27.554956436157227,31.067909240722656,27.554956436157227
4,0,-21.40018081665039,53.966697692871094,27.449594497680664,30.205120086669922,27.44959259033203
4,49,-22.2664794921875,55.59076690673828,27.719955444335938,31.806434631347656,27.719955444335938
4,99,-21.449146270751953,54.151607513427734,27.60455322265625,30.3856201171875,27.60455322265625
4,149,-21.59741973876953,54.35224914550781,27.53482437133789,30.58148765563965,27.534822463989258
5,0,-21.49312400817871,54.30208206176758,27.720312118530273,30.53219985961914,27.720312118530273
5,49,-20.944612503051758,53.246543884277344,27.50828742980957,29.493698120117188,27.508285522460938
5,99,-21.459308624267578,54.21044921875,27.667407989501953,30.442062377929688,27.667407989501953
5,149,-21.141841888427734,53.540199279785156,27.45570182800293,29.78343963623047,27.455699920654297
6,0,-21.18024253845215,53.606544494628906,27.45921516418457,29.84793472290039,27.45921516418457
6,49,-21.83107566833496,54.74320602416992,27.537120819091797,30.96881866455078,27.537118911743164
6,99,-21.713115692138672,54.47716522216797,27.432964324951172,30.706640243530273,27.432960510253906
6,149,-21.865171432495117,54.802207946777344,27.540382385253906,31.02845001220703,27.540382385253906
7,0,-21.68109130859375,54.5999755859375,27.697237014770508,30.82848358154297,27.697235107421875
7,49,-22.085519790649414,55.23527145385742,27.63910675048828,31.454242706298828,27.639102935791016
7,99,-21.318058013916016,53.905860900878906,27.563648223876953,30.144420623779297,27.563644409179688
7,149,-21.030120849609375,53.26264190673828,27.318662643432617,29.515520095825195,27.318662643432617
8,0,-21.463882446289062,54.10509490966797,27.497936248779297,30.339988708496094,27.497934341430664
8,49,-21.18476104736328,53.56147766113281,27.380311965942383,29.802001953125,27.380311965942383
8,99,-21.33420753479004,54.0057487487793,27.673105239868164,30.239871978759766,27.673105239868164
8,149,-21.606430053710938,54.35107421875,27.510534286499023,30.580276489257812,27.51053237915039
9,0,-21.89316177368164,54.96148681640625,27.709331512451172,31.18290138244629,27.709331512451172
9,49,-21.167022705078125,53.490867614746094,27.318744659423828,29.736459732055664,27.318744659423828
9,99,-22.44814109802246,55.89738464355469,27.72572898864746,32.10661315917969,27.72572898864746
9,149,-21.565185546875,54.273948669433594,27.497957229614258,30.504234313964844,27.497955322265625
10,0,-21.810794830322266,54.76313781738281,27.617717742919922,30.98456382751465,27.61771583557129
10,49,-21.103281021118164,53.55481719970703,27.57402801513672,29.79428482055664,27.57402801513672
10,99,-22.630250930786133,56.21080780029297,27.74058723449707,32.41900634765625,27.740583419799805
10,149,-22.38763427734375,55.80426788330078,27.737323760986328,32.01022720336914,27.737323760986328
11,0,-21.693256378173828,54.48060989379883,27.48777198791504,30.70220947265625,27.48777198791504
11,49,-21.39206314086914,53.999229431152344,27.518693923950195,30.238666534423828,27.518692016601562
11,99,-21.55624771118164,54.346527099609375,27.62917709350586,30.5747013092041,27.62917709350586
11,149,-22.438793182373047,55.844566345214844,27.669864654541016,32.057464599609375,27.66986083984375
12,0,-21.666725158691406,54.51673126220703,27.608285903930664,30.73932647705078,27.60828399658203
12,49,-22.097944259643555,55.135406494140625,27.458251953125,31.354389190673828,27.458251953125
12,99,-21.305946350097656,53.93706512451172,27.640731811523438,30.173263549804688,27.640731811523438
12,149,-21.332260131835938,53.995567321777344,27.66270637512207,30.231922149658203,27.66270637512207
13,0,-21.187557220458984,53.54010009765625,27.341262817382812,29.785282135009766,27.34126091003418
13,49,-21.619735717773438,54.500701904296875,27.701719284057617,30.725915908813477,27.701717376708984
13,99,-21.298049926757812,53.92817687988281,27.64714241027832,30.16379737854004,27.64714241027832
13,149,-22.033550262451172,55.16794204711914,27.66803741455078,31.387760162353516,27.668033599853516
14,0,-22.641103744506836,56.108177185058594,27.559513092041016,32.32273864746094,27.559513092041016
14,49,-21.380096435546875,53.9427490234375,27.463882446289062,30.177082061767578,27.463882446289062
14,99,-21.67548370361328,54.53276062011719,27.610435485839844,30.759479522705078,27.610435485839844
14,149,-21.482357025146484,54.027862548828125,27.33590316772461,30.262725830078125,27.33590316772461
15,0,-21.631546020507812,54.50786590576172,27.682933807373047,30.73078155517578,27.682933807373047
15,49,-21.670574188232422,54.43021011352539,27.468883514404297,30.656787872314453,27.468883514404297
15,99,-22.26462173461914,55.671485900878906,27.84567642211914,31.885292053222656,27.84567642211914
15,149,-21.954011917114258,55.0591926574707,27.703765869140625,31.278980255126953,27.70376205444336
16,0,-22.141986846923828,55.27519607543945,27.557828903198242,31.49296760559082,27.557828903198242
16,49,-21.758760452270508,54.68277359008789,27.627262115478516,30.90741729736328,27.627260208129883
16,99,-21.729228973388672,54.497100830078125,27.422576904296875,30.72464370727539,27.422576904296875
16,149,-21.87959861755371,54.702735900878906,27.355112075805664,30.92490005493164,27.355112075805664
17,0,-21.98874855041504,54.92945861816406,27.422317504882812,31.150243759155273,27.42231559753418
17,49,-21.508691787719727,54.22889709472656,27.57161521911621,30.457157135009766,27.571613311767578
17,99,-21.328411102294922,53.851619720458984,27.456405639648438,30.091106414794922,27.456403732299805
17,149,-21.46502685546875,54.18038558959961,27.608009338378906,30.412761688232422,27.608007431030273
18,0,-21.016845703125,53.23463439941406,27.30984115600586,29.478851318359375,27.30984115600586
18,49,-21.273372650146484,53.72587585449219,27.405384063720703,29.963417053222656,27.405380249023438
18,99,-21.7570858001709,54.63044738769531,27.552961349487305,30.85305404663086,27.55295753479004
18,149,-21.633560180664062,54.4033088684082,27.52106475830078,30.626718521118164,27.52106475830078
19,0,-21.50213050842285,54.029869079589844,27.289480209350586,30.26247787475586,27.289478302001953
19,49,-22.03580093383789,55.03852081298828,27.468276977539062,31.258567810058594,27.468276977539062
19,99,-21.618453979492188,54.413272857666016,27.573774337768555,30.640727996826172,27.573774337768555
19,149,-21.30835723876953,53.776004791259766,27.39312171936035,30.01293182373047,27.39312171936035
20,0,-22.058609008789062,55.14213562011719,27.566682815551758,31.363513946533203,27.566680908203125
20,49,-21.342411041259766,53.790077209472656,27.32908821105957,30.026500701904297,27.32908821105957
20,99,-22.55199432373047,56.01298141479492,27.639495849609375,32.218833923339844,27.639495849609375
20,149,-21.628860473632812,54.38798141479492,27.509824752807617,30.61400604248047,27.509824752807617
21,0,-21.74957275390625,54.41444396972656,27.247730255126953,30.645416259765625,27.24772834777832
21,49,-22.915828704833984,56.70896911621094,27.773881912231445,32.90819549560547,27.773880004882812
21,99,-21.31331443786621,53.72903823852539,27.310270309448242,29.965106964111328,27.310270309448242
21,149,-21.73603630065918,54.543312072753906,27.474884033203125,30.774192810058594,27.474884033203125
22,0,-21.414264678955078,54.00053405761719,27.46514320373535,30.236366271972656,27.46514129638672
22,49,-21.38528823852539,53.84706115722656,27.3073787689209,30.082763671875,27.3073787689209
22,99,-21.794858932495117,54.54778289794922,27.334531784057617,30.778812408447266,27.334531784057617
22,149,-22.1685791015625,55.4473876953125,27.749629974365234,31.66766929626465,27.749629974365234
23,0,-22.31533432006836,55.54033660888672,27.522174835205078,31.75774383544922,27.522174835205078
23,49,-22.085641860961914,55.21603775024414,27.609952926635742,31.433998107910156,27.609952926635742
23,99,-22.546955108642578,55.992271423339844,27.621023178100586,32.20032501220703,27.621023178100586
23,149,-21.560745239257812,54.23268508911133,27.447168350219727,30.46111297607422,27.447168350219727
24,0,-21.827011108398438,54.60137939453125,27.334543228149414,30.829017639160156,27.33454132080078
24,49,-21.93370819091797,54.813804626464844,27.386438369750977,31.043609619140625,27.386438369750977
24,99,-21.37344741821289,53.843101501464844,27.33103370666504,30.08063507080078,27.33103370666504
24,149,-21.716197967529297,54.602622985839844,27.613439559936523,30.826942443847656,27.61343765258789
25,0,-21.792217254638672,54.64446258544922,27.486148834228516,30.86651611328125,27.486148834228516
25,49,-21.342159271240234,53.90785217285156,27.506376266479492,30.142427444458008,27.50637435913086
25,99,-21.47384262084961,54.17814254760742,27.582605361938477,30.4080810546875,27.582603454589844
25,149,-22.291072845458984,55.725868225097656,27.861125946044922,31.930355072021484,27.861125946044922
26,0,-22.526718139648438,55.91542434692383,27.55634117126465,32.1220703125,27.556337356567383
26,49,-21.78350067138672,54.639244079589844,27.500112533569336,30.86772918701172,27.500110626220703
26,99,-21.832237243652344,54.63972473144531,27.378997802734375,30.865520477294922,27.378995895385742
26,149,-21.272083282470703,53.60379409790039,27.225481033325195,29.845138549804688,27.225481033325195
27,0,-22.008541107177734,55.14353942871094,27.693954467773438,31.370107650756836,27.693954467773438
27,49,-22.700496673583984,56.33970642089844,27.758323669433594,32.54269790649414,27.758323669433594
27,99,-21.577383041381836,54.13805389404297,27.263626098632812,30.37136459350586,27.263626098632812
27,149,-22.076631546020508,55.15778350830078,27.545103073120117,31.37769889831543,27.545103073120117
28,0,-21.750699996948242,54.51314926147461,27.392972946166992,30.735952377319336,27.392972946166992
28,49,-22.083049774169922,55.052791595458984,27.37156867980957,31.272201538085938,27.37156867980957
28,99,-22.375553131103516,55.64702224731445,27.531654357910156,31.856063842773438,27.53165054321289
28,149,-21.733787536621094,54.62611389160156,27.604705810546875,30.84865951538086,27.604705810546875
29,0,-21.846452713012695,54.789939880371094,27.568782806396484,31.012020111083984,27.568782806396484
29,49,-22.73577880859375,56.23985290527344,27.520334243774414,32.4462776184082,27.520334243774414
29,99,-21.5950984954834,54.40342330932617,27.61739158630371,30.63257598876953,27.61739158630371
29,149,-21.78958511352539,54.63590621948242,27.479894638061523,30.86052131652832,27.479894638061523
30,0,-21.883373260498047,54.826026916503906,27.530609130859375,31.050888061523438,27.530609130859375
30,49,-21.796443939208984,54.59646987915039,27.40360450744629,30.81853675842285,27.40360450744629
30,99,-22.192138671875,55.43141174316406,27.666778564453125,31.646329879760742,27.666778564453125
30,149,-21.543073654174805,54.315818786621094,27.616046905517578,30.541318893432617,27.616046905517578
31,0,-22.612964630126953,56.09149169921875,27.604825973510742,32.299293518066406,27.60482406616211
31,49,-22.375648498535156,55.59128952026367,27.447816848754883,31.804216384887695,27.44781494140625
31,99,-22.132190704345703,55.163734436035156,27.415128707885742,31.38091278076172,27.415124893188477
31,149,-22.808109283447266,56.38132858276367,27.551727294921875,32.59148406982422,27.551725387573242
32,0,-21.52131462097168,54.231361389160156,27.543758392333984,30.462299346923828,27.54375648498535
32,49,-21.677799224853516,54.42101287841797,27.43702507019043,30.649028778076172,27.43702507019043
32,99,-22.30314826965332,55.61522674560547,27.66497039794922,31.822664260864258,27.66497039794922
32,149,-22.43429946899414,55.64337158203125,27.37931251525879,31.853912353515625,27.379310607910156
33,0,-22.300106048583984,55.59275817871094,27.638870239257812,31.80303192138672,27.638870239257812
33,49,-22.03409194946289,55.026947021484375,27.455198287963867,31.24697494506836,27.455198287963867
33,99,-21.39685821533203,53.988189697265625,27.490135192871094,30.219654083251953,27.490135192871094
33,149,-21.109132766723633,53.33721160888672,27.23298454284668,29.578847885131836,27.23298454284668
34,0,-22.45132827758789,55.86069869995117,27.662731170654297,32.06430435180664,27.662729263305664
34,49,-22.230958938598633,55.4088020324707,27.535804748535156,31.63164520263672,27.535802841186523
34,99,-21.903366088867188,54.90757369995117,27.60294532775879,31.125415802001953,27.602941513061523
34,149,-21.768516540527344,54.70117950439453,27.63047981262207,30.92711067199707,27.63047981262207
35,0,-21.868907928466797,54.74335479736328,27.442768096923828,30.967899322509766,27.442766189575195
35,49,-21.77783203125,54.6247673034668,27.492572784423828,30.85265350341797,27.492570877075195
35,99,-22.364704132080078,55.666500091552734,27.587995529174805,31.883407592773438,27.587993621826172
35,149,-21.640335083007812,54.24878692626953,27.27234649658203,30.478185653686523,27.272342681884766
36,0,-21.70916748046875,54.411033630371094,27.343631744384766,30.64409828186035,27.343629837036133
36,49,-21.578075408935547,54.296470642089844,27.49952507019043,30.52481460571289,27.499523162841797
36,99,-21.12215805053711,53.356842041015625,27.229869842529297,29.600418090820312,27.229867935180664
36,149,-21.604629516601562,54.241485595703125,27.35065269470215,30.475452423095703,27.350650787353516
37,0,-22.027233123779297,54.90077209472656,27.28307342529297,31.121627807617188,27.283069610595703
37,49,-21.567359924316406,54.28607177734375,27.510709762573242,30.516250610351562,27.51070785522461
37,99,-21.709774017333984,54.35147476196289,27.252775192260742,30.57923126220703,27.25277328491211
37,149,-21.38577651977539,53.718353271484375,27.11309051513672,29.956071853637695,27.11309051513672
38,0,-21.41910743713379,53.915653228759766,27.32571029663086,30.150035858154297,27.32571029663086
38,49,-21.929523468017578,54.95568084716797,27.609716415405273,31.17388153076172,27.60971450805664
38,99,-22.114974975585938,55.25054168701172,27.58837890625,31.46661949157715,27.58837890625
38,149,-22.55355453491211,55.8801383972168,27.436321258544922,32.08628845214844,27.43631935119629
39,0,-22.428024291992188,55.79521942138672,27.622777938842773,32.00116729736328,27.622774124145508
39,49,-21.223827362060547,53.54576110839844,27.259069442749023,29.786510467529297,27.259069442749023
39,99,-21.125198364257812,53.354339599609375,27.2185115814209,29.59457778930664,27.218509674072266
39,149,-22.033750534057617,54.94277572631836,27.329792022705078,31.163681030273438,27.329792022705078
40,0,-22.230880737304688,55.41141128540039,27.5399227142334,31.625131607055664,27.539920806884766
40,49,-21.361251831054688,53.780181884765625,27.267147064208984,30.01443862915039,27.267147064208984
40,99,-21.843555450439453,54.58055114746094,27.261945724487305,30.80818748474121,27.261943817138672
40,149,-22.54485511779785,55.90869140625,27.500900268554688,32.113590240478516,27.500896453857422
41,0,-21.319332122802734,53.75303649902344,27.331228256225586,29.98663330078125,27.331228256225586
41,49,-23.015945434570312,56.624061584472656,27.39622688293457,32.83187484741211,27.39622688293457
41,99,-21.833831787109375,54.6038818359375,27.321239471435547,30.827085494995117,27.321237564086914
41,149,-23.50531768798828,57.714988708496094,27.809188842773438,33.900665283203125,27.809188842773438
42,0,-22.520111083984375,55.87998962402344,27.519712448120117,32.08745574951172,27.519712448120117
42,49,-23.162084579467773,57.121158599853516,27.776531219482422,33.31780242919922,27.776531219482422
42,99,-21.59103775024414,54.24330139160156,27.387357711791992,30.47806167602539,27.387357711791992
42,149,-22.421913146972656,55.75896453857422,27.583662033081055,31.972152709960938,27.583662033081055
43,0,-21.173044204711914,53.552528381347656,27.39618682861328,29.79213523864746,27.39618492126465
43,49,-22.934803009033203,56.58662414550781,27.54293441772461,32.78618621826172,27.542932510375977
43,99,-21.727432250976562,54.45591354370117,27.365293502807617,30.68222999572754,27.365293502807617
43,149,-22.64335060119629,56.11476135253906,27.563766479492188,32.32637023925781,27.563766479492188
44,0,-22.673986434936523,56.22834777832031,27.657560348510742,32.43210983276367,27.65755844116211
44,49,-20.764183044433594,52.609413146972656,27.003662109375,28.866870880126953,27.003662109375
44,99,-21.603090286254883,54.30522155761719,27.45010757446289,30.53264617919922,27.45010757446289
44,149,-21.743240356445312,54.469566345214844,27.346250534057617,30.695802688598633,27.346248626708984
45,0,-21.970319747924805,54.832847595214844,27.32347869873047,31.053762435913086,27.32347869873047
45,49,-21.251066207885742,53.52077102661133,27.15349578857422,29.759767532348633,27.15349578857422
45,99,-21.648868560791016,54.24783706665039,27.249582290649414,30.48028564453125,27.24958038330078
45,149,-21.700672149658203,54.34619140625,27.267608642578125,30.578279495239258,27.267606735229492
46,0,-21.748096466064453,54.48805236816406,27.361839294433594,30.713092803955078,27.36183738708496
46,49,-22.112579345703125,55.07276916503906,27.327707290649414,31.297557830810547,27.327707290649414
46,99,-22.129844665527344,55.2729377746582,27.58479881286621,31.483322143554688,27.584796905517578
46,149,-22.435836791992188,55.67589569091797,27.42425537109375,31.88355827331543,27.424251556396484
47,0,-21.417617797851562,53.81880187988281,27.184162139892578,30.059619903564453,27.184160232543945
47,49,-22.32830810546875,55.62364196777344,27.614694595336914,31.834314346313477,27.614694595336914
47,99,-21.555156707763672,54.192073822021484,27.400226593017578,30.420093536376953,27.400222778320312
47,149,-23.536407470703125,57.68618392944336,27.688264846801758,33.88233184814453,27.688264846801758
48,0,-21.910566329956055,54.76134490966797,27.365602493286133,30.98308753967285,27.365602493286133
48,49,-22.53546142578125,55.959651947021484,27.600830078125,32.167442321777344,27.600830078125
48,99,-22.419727325439453,55.57941436767578,27.31980323791504,31.800907135009766,27.319801330566406
48,149,-22.949357986450195,56.591453552246094,27.513784408569336,32.78987121582031,27.513784408569336
49,0,-22.008426666259766,54.912818908691406,27.348167419433594,31.130634307861328,27.348167419433594
49,49,-22.273183822631836,55.397789001464844,27.413724899291992,31.614227294921875,27.41372299194336
49,99,-21.61050033569336,54.273277282714844,27.3836727142334,30.504150390625,27.383670806884766
49,149,-22.277114868164062,55.4471435546875,27.477930068969727,31.663082122802734,27.477930068969727
50,0,-21.900135040283203,54.69314956665039,27.289392471313477,30.91629409790039,27.289392471313477
50,49,-21.519378662109375,54.02668380737305,27.2415828704834,30.256847381591797,27.241580963134766
50,99,-22.570911407470703,55.99570083618164,27.56627655029297,32.20152282714844,27.56627655029297
50,149,-22.033580780029297,54.94829177856445,27.338481903076172,31.17020606994629,27.338481903076172
51,0,-21.558761596679688,54.194435119628906,27.39475440979004,30.422821044921875,27.394752502441406
51,49,-22.016292572021484,54.88518524169922,27.287050247192383,31.104263305664062,27.287050247192383
51,99,-21.664440155029297,54.343849182128906,27.354677200317383,30.57463836669922,27.354677200317383
51,149,-22.389202117919922,55.60395050048828,27.43292808532715,31.817567825317383,27.43292808532715
52,0,-22.17095947265625,55.19648742675781,27.36733055114746,31.41559600830078,27.36733055114746
52,49,-21.408130645751953,53.91240692138672,27.34828758239746,30.147769927978516,27.34828758239746
52,99,-21.816659927368164,54.672874450683594,27.46766471862793,30.892648696899414,27.46766471862793
52,149,-22.633190155029297,56.145687103271484,27.635555267333984,32.351253509521484,27.635555267333984
53,0,-23.483264923095703,57.53862380981445,27.599773406982422,33.7286376953125,27.599773406982422
53,49,-22.93696403503418,56.780189514160156,27.827877044677734,32.978641510009766,27.8278751373291
53,99,-22.97488021850586,56.75865936279297,27.70079803466797,32.95734405517578,27.70079803466797
53,149,-21.147441864013672,53.31150436401367,27.098651885986328,29.554723739624023,27.098651885986328
54,0,-22.144775390625,55.40586853027344,27.746870040893555,31.6220703125,27.746870040893555
54,49,-22.13970947265625,55.290733337402344,27.586833953857422,31.51234245300293,27.58683204650879
54,99,-22.487064361572266,55.75210952758789,27.410507202148438,31.96115493774414,27.410503387451172
54,149,-20.940143585205078,53.12433624267578,27.336149215698242,29.371219635009766,27.336149215698242
55,0,-22.22292709350586,55.2607536315918,27.333812713623047,31.476350784301758,27.333810806274414
55,49,-21.107559204101562,53.45530700683594,27.414064407348633,29.697635650634766,27.414064407348633
55,99,-21.933725357055664,54.718482971191406,27.243417739868164,30.945457458496094,27.24341583251953
55,149,-21.938308715820312,54.91620635986328,27.528541564941406,31.133739471435547,27.52853775024414
56,0,-21.31238555908203,53.67831039428711,27.23651123046875,29.91564178466797,27.236509323120117
56,49,-21.614273071289062,54.25999450683594,27.35431671142578,30.487083435058594,27.35431671142578
56,99,-21.869129180908203,54.71336364746094,27.39722442626953,30.937908172607422,27.3972225189209
56,149,-21.55337142944336,54.180999755859375,27.388076782226562,30.416580200195312,27.388076782226562
57,0,-22.61941146850586,56.089500427246094,27.585725784301758,32.295654296875,27.585721969604492
57,49,-21.852846145629883,54.72829818725586,27.460330963134766,30.94577980041504,27.460330963134766
57,99,-21.716337203979492,54.4466552734375,27.3791446685791,30.668060302734375,27.37914276123047
57,149,-21.17333221435547,53.29473114013672,27.008766174316406,29.537803649902344,27.008764266967773
58,0,-21.977495193481445,54.83937072753906,27.315324783325195,31.059051513671875,27.315324783325195
58,49,-22.48485565185547,55.866119384765625,27.587039947509766,32.07453918457031,27.587039947509766
58,99,-21.312374114990234,53.598575592041016,27.11693000793457,29.839271545410156,27.11693000793457
58,149,-21.08224868774414,53.27421951293945,27.205707550048828,29.520565032958984,27.205705642700195
59,0,-21.262237548828125,53.575469970703125,27.207611083984375,29.813308715820312,27.207611083984375
59,49,-21.754173278808594,54.4593505859375,27.30360221862793,30.68255615234375,27.303598403930664
59,99,-21.214000701904297,53.36406707763672,27.01110076904297,29.605947494506836,27.011098861694336
59,149,-21.880821228027344,54.78553009033203,27.476245880126953,31.008228302001953,27.47624397277832
60,0,-22.702472686767578,56.277793884277344,27.660512924194336,32.48167037963867,27.660511016845703
60,49,-21.459026336669922,53.8948974609375,27.194787979125977,30.12722396850586,27.194780349731445
60,99,-22.946367263793945,56.62660217285156,27.573989868164062,32.82190704345703,27.573989868164062
60,149,-21.295421600341797,53.57643127441406,27.12609100341797,29.816120147705078,27.126089096069336
61,0,-22.2071533203125,55.374656677246094,27.544105529785156,31.587589263916016,27.544105529785156
61,49,-22.172561645507812,55.14820098876953,27.290895462036133,31.369808197021484,27.290895462036133
61,99,-22.982168197631836,56.911964416503906,27.912525177001953,33.108802795410156,27.912525177001953
61,149,-22.619216918945312,56.00682830810547,27.462203979492188,32.21436309814453,27.462203979492188
62,0,-21.3011474609375,53.61507034301758,27.16973876953125,29.852970123291016,27.16973876953125
62,49,-21.896873474121094,54.80049133300781,27.458555221557617,31.02225112915039,27.45855140686035
62,99,-22.372058868408203,55.65934753417969,27.55887794494629,31.871252059936523,27.55887794494629
62,149,-21.934375762939453,54.638153076171875,27.12129783630371,30.86300277709961,27.121295928955078
63,0,-22.108840942382812,55.2370719909668,27.583513259887695,31.451004028320312,27.583513259887695
63,49,-22.383831024169922,55.48454284667969,27.26723861694336,31.699871063232422,27.267236709594727
63,99,-21.83681297302246,54.551422119140625,27.2351016998291,30.77872657775879,27.23509979248047
63,149,-22.08598518371582,55.09430694580078,27.426504135131836,31.314069747924805,27.42650032043457
64,0,-21.775707244873047,54.55241394042969,27.38935661315918,30.779674530029297,27.389354705810547
64,49,-21.455745697021484,53.92462921142578,27.247581481933594,30.160091400146484,27.247581481933594
64,99,-22.392826080322266,55.54365539550781,27.333423614501953,31.759559631347656,27.333423614501953
64,149,-21.606075286865234,54.13328170776367,27.184736251831055,30.360700607299805,27.184736251831055
65,0,-21.77716827392578,54.543357849121094,27.37212371826172,30.76563835144043,27.372121810913086
65,49,-21.69036102294922,54.179161071777344,27.042842864990234,30.41079330444336,27.04283905029297
65,99,-21.815277099609375,54.62498474121094,27.399288177490234,30.848527908325195,27.399288177490234
65,149,-22.219541549682617,55.24961853027344,27.325576782226562,31.465335845947266,27.325576782226562
66,0,-21.127243041992188,53.12042236328125,26.86252784729004,29.365989685058594,26.862525939941406
66,49,-21.780712127685547,54.51264190673828,27.317190170288086,30.74017333984375,27.317190170288086
66,99,-22.416873931884766,55.72783660888672,27.54957389831543,31.93678092956543,27.54957389831543
66,149,-22.103343963623047,54.96926498413086,27.195537567138672,31.187602996826172,27.19553565979004
67,0,-22.02151870727539,54.96881866455078,27.399431228637695,31.185855865478516,27.399429321289062
67,49,-21.926647186279297,54.821720123291016,27.41596221923828,31.041072845458984,27.41596221923828
67,99,-23.104084014892578,56.850982666015625,27.516267776489258,33.04486083984375,27.516267776489258
67,149,-21.74715805053711,54.47871398925781,27.350173950195312,30.702016830444336,27.350170135498047
68,0,-23.081676483154297,56.97577667236328,27.75947380065918,33.16858673095703,27.75947380065918
68,49,-22.451904296875,55.67097473144531,27.376707077026367,31.883541107177734,27.376707077026367
68,99,-22.056730270385742,55.13541793823242,27.56130599975586,31.359397888183594,27.56130599975586
68,149,-21.619930267333984,54.27435302734375,27.36170768737793,30.501209259033203,27.36170768737793
69,0,-22.176374435424805,55.17613220214844,27.32326889038086,31.39452362060547,27.32326889038086
69,49,-22.13106918334961,55.10468292236328,27.32935905456543,31.322250366210938,27.329357147216797
69,99,-22.05377960205078,54.98751449584961,27.346830368041992,31.208425521850586,27.346830368041992
69,149,-22.564495086669922,55.805267333984375,27.296669006347656,32.014137268066406,27.296667098999023
70,0,-21.23557472229004,53.3943977355957,27.002662658691406,29.63751220703125,27.002662658691406
70,49,-22.135353088378906,55.205909729003906,27.47048568725586,31.42629623413086,27.470483779907227
70,99,-21.79869842529297,54.409088134765625,27.11688804626465,30.636131286621094,27.116886138916016
70,149,-21.542171478271484,54.09677505493164,27.289731979370117,30.33002281188965,27.289730072021484
71,0,-21.7839412689209,54.480674743652344,27.261165618896484,30.70413589477539,27.26116371154785
71,49,-22.879169464111328,56.62720489501953,27.74289321899414,32.82532501220703,27.742891311645508
71,99,-21.963253021240234,54.986148834228516,27.57109260559082,31.208667755126953,27.57109260559082
71,149,-22.736164093017578,56.09636688232422,27.304140090942383,32.29701232910156,27.304140090942383
72,0,-22.260543823242188,55.34336471557617,27.36368751525879,31.560474395751953,27.363685607910156
72,49,-21.996395111083984,54.738731384277344,27.11710548400879,30.9612979888916,27.11710548400879
72,99,-22.291732788085938,55.46277618408203,27.464839935302734,31.669754028320312,27.46483612060547
72,149,-22.724395751953125,56.076446533203125,27.303688049316406,32.283931732177734,27.303688049316406
73,0,-22.22635269165039,55.29441833496094,27.375747680664062,31.509017944335938,27.37574577331543
73,49,-22.273374557495117,55.602264404296875,27.719959259033203,31.808151245117188,27.719959259033203
73,99,-21.332645416259766,53.68633270263672,27.197885513305664,29.927547454833984,27.197885513305664
73,149,-21.946483612060547,54.747161865234375,27.254535675048828,30.968353271484375,27.254535675048828
74,0,-22.379045486450195,55.412681579589844,27.171415328979492,31.635025024414062,27.171415328979492
74,49,-21.84600257873535,54.57184600830078,27.242769241333008,30.796924591064453,27.242773056030273
74,99,-21.943920135498047,54.54357147216797,26.95555305480957,30.773326873779297,26.95555305480957
74,149,-22.43729019165039,55.62483596801758,27.34403419494629,31.838668823242188,27.34403419494629
75,0,-21.805416107177734,54.59513854980469,27.379167556762695,30.81751251220703,27.379165649414062
75,49,-22.111892700195312,55.03955078125,27.279592514038086,31.258167266845703,27.279592514038086
75,99,-21.703113555908203,54.297508239746094,27.188478469848633,30.525104522705078,27.1884765625
75,149,-22.324745178222656,55.44086837768555,27.34943962097168,31.647048950195312,27.349437713623047
76,0,-21.46495819091797,53.82071304321289,27.06867790222168,30.054630279541016,27.06867790222168
76,49,-22.178054809570312,55.12936782836914,27.248916625976562,31.34712028503418,27.24891471862793
76,99,-22.868919372558594,56.49759292602539,27.574087142944336,32.69342803955078,27.574087142944336
76,149,-22.212696075439453,55.24095916748047,27.329702377319336,31.459636688232422,27.329702377319336
77,0,-22.514158248901367,55.892738342285156,27.553714752197266,32.09514617919922,27.553714752197266
77,49,-21.83637809753418,54.68376922607422,27.434715270996094,30.90838050842285,27.434715270996094
77,99,-21.403274536132812,53.78271484375,27.1658878326416,30.018878936767578,27.1658878326416
77,149,-22.11260986328125,55.05146789550781,27.29568099975586,31.268213272094727,27.29568099975586
78,0,-22.342586517333984,55.549617767333984,27.46796226501465,31.75994873046875,27.46796226501465
78,49,-21.601511001586914,54.27554702758789,27.409547805786133,30.503114700317383,27.4095458984375
78,99,-21.904041290283203,54.662147521972656,27.233125686645508,30.887935638427734,27.233123779296875
78,149,-22.984390258789062,56.715492248535156,27.612262725830078,32.9134407043457,27.612258911132812
79,0,-23.3582820892334,57.34861755371094,27.62722396850586,33.535701751708984,27.62722396850586
79,49,-22.134761810302734,55.26775360107422,27.564727783203125,31.484468460083008,27.564725875854492
79,99,-22.840539932250977,56.3153190612793,27.37162971496582,32.51811981201172,27.37162971496582
79,149,-21.570053100585938,54.15155792236328,27.30220603942871,30.381010055541992,27.30220603942871
80,0,-21.26546859741211,53.594154357910156,27.22756576538086,29.837993621826172,27.22756576538086
80,49,-22.55242156982422,55.858436584472656,27.406606674194336,32.06609344482422,27.40660285949707
80,99,-22.720733642578125,56.09313201904297,27.337867736816406,32.29771423339844,27.337867736816406
80,149,-21.934755325317383,54.828941345214844,27.406524658203125,31.052104949951172,27.40652084350586
81,0,-21.583145141601562,54.13431167602539,27.243602752685547,30.3681640625,27.243602752685547
81,49,-21.729881286621094,54.40876007080078,27.28843879699707,30.638683319091797,27.28843879699707
81,99,-22.404457092285156,55.73627471923828,27.59326934814453,31.945449829101562,27.593265533447266
81,149,-22.491416931152344,55.782264709472656,27.44485855102539,31.99224281311035,27.44485855102539
82,0,-22.094377517700195,55.095523834228516,27.407344818115234,31.319923400878906,27.407344818115234
82,49,-22.216772079467773,55.31808853149414,27.43520164489746,31.530725479125977,27.435199737548828
82,99,-22.217205047607422,55.38572692871094,27.535581588745117,31.596649169921875,27.535581588745117
82,149,-22.090900421142578,55.081939697265625,27.39565658569336,31.30303382873535,27.395654678344727
83,0,-22.921464920043945,56.4998779296875,27.44615936279297,32.703826904296875,27.446157455444336
83,49,-22.371917724609375,55.51945114135742,27.349384307861328,31.73029327392578,27.349382400512695
83,99,-21.605499267578125,54.04906463623047,27.059852600097656,30.285171508789062,27.05984878540039
83,149,-22.13125991821289,55.193885803222656,27.46268081665039,31.407569885253906,27.46268081665039
84,0,-22.494779586791992,55.63179016113281,27.210735321044922,31.8422794342041,27.210735321044922
84,49,-22.080202102661133,54.97791290283203,27.2663631439209,31.199298858642578,27.2663631439209
84,99,-22.37771224975586,55.716392517089844,27.630308151245117,31.922161102294922,27.63030433654785
84,149,-22.228057861328125,55.2381591796875,27.2871036529541,31.452030181884766,27.28710174560547
85,0,-22.521564483642578,55.81517791748047,27.418859481811523,32.02491760253906,27.41885757446289
85,49,-22.320497512817383,55.58274841308594,27.57288360595703,31.7915096282959,27.57288360595703
85,99,-22.280628204345703,55.39952850341797,27.397724151611328,31.61090087890625,27.397722244262695
85,149,-22.060510635375977,54.92927551269531,27.24263572692871,31.149160385131836,27.242633819580078
86,0,-21.603736877441406,54.2491569519043,27.364397048950195,30.481273651123047,27.364397048950195
86,49,-22.670394897460938,56.27016067504883,27.7292537689209,32.46651077270508,27.729251861572266
86,99,-22.658098220825195,56.03643798828125,27.409414291381836,32.23869323730469,27.409414291381836
86,149,-21.845443725585938,54.619903564453125,27.31624412536621,30.847118377685547,27.316242218017578
87,0,-22.288246154785156,55.42023468017578,27.40974235534668,31.63653564453125,27.40974235534668
87,49,-21.667274475097656,54.267662048339844,27.233312606811523,30.499588012695312,27.23331069946289
87,99,-22.066017150878906,54.97484588623047,27.29722785949707,31.198835372924805,27.29722785949707
87,149,-22.642412185668945,56.07627868652344,27.508386611938477,32.28272247314453,27.508386611938477
88,0,-22.12502670288086,55.19707489013672,27.483049392700195,31.410734176635742,27.483047485351562
88,49,-21.38947296142578,53.71104431152344,27.09288215637207,29.946666717529297,27.092880249023438
88,99,-21.885663986206055,54.721214294433594,27.36766242980957,30.9435977935791,27.36766242980957
88,149,-22.794658660888672,56.30817794799805,27.47562026977539,32.51124572753906,27.47562026977539
89,0,-22.154071807861328,55.21668243408203,27.439849853515625,31.436742782592773,27.439847946166992
89,49,-23.122835159301758,56.894981384277344,27.535385131835938,33.09098815917969,27.535385131835938
89,99,-21.997364044189453,54.82726287841797,27.24748420715332,31.051557540893555,27.247482299804688
89,149,-22.125534057617188,55.02354431152344,27.221485137939453,31.238887786865234,27.221485137939453
90,0,-22.368366241455078,55.554378509521484,27.410659790039062,31.76572036743164,27.410659790039062
90,49,-21.647193908691406,54.35310745239258,27.41167640686035,30.5795841217041,27.41167449951172
90,99,-22.549495697021484,55.8746337890625,27.438213348388672,32.079566955566406,27.43821144104004
90,149,-22.080120086669922,55.07106018066406,27.406291961669922,31.287349700927734,27.406291961669922
91,0,-21.704708099365234,54.409034729003906,27.35178565979004,30.635108947753906,27.35178565979004
91,49,-21.695964813232422,54.32294845581055,27.244510650634766,30.55274200439453,27.244508743286133
91,99,-22.16841697692871,55.07429504394531,27.19040298461914,31.291683197021484,27.19040298461914
91,149,-21.15960693359375,53.286399841308594,27.03058433532715,29.52948570251465,27.030582427978516
92,0,-22.150650024414062,55.0765380859375,27.238183975219727,31.296417236328125,27.238182067871094
92,49,-22.028026580810547,55.0615234375,27.5222225189209,31.281700134277344,27.522218704223633
92,99,-21.89335823059082,54.654666900634766,27.248605728149414,30.87805938720703,27.24860191345215
92,149,-22.31905746459961,55.41641616821289,27.32698631286621,31.629474639892578,27.326982498168945
93,0,-21.36553955078125,53.82624816894531,27.325523376464844,30.05875015258789,27.32552146911621
93,49,-21.938987731933594,54.711669921875,27.220041275024414,30.93199920654297,27.220041275024414
93,99,-22.26136016845703,55.362335205078125,27.390106201171875,31.577383041381836,27.390106201171875
93,149,-23.187484741210938,57.204132080078125,27.83748435974121,33.39360046386719,27.83748435974121
94,0,-23.089092254638672,56.905296325683594,27.63521957397461,33.1016731262207,27.635217666625977
94,49,-21.844581604003906,54.887542724609375,27.71986198425293,31.108394622802734,27.719860076904297
94,99,-22.86330795288086,56.679931640625,27.861635208129883,32.880157470703125,27.86163330078125
94,149,-22.12241554260254,55.22428512573242,27.53038787841797,31.437955856323242,27.530385971069336
95,0,-21.695201873779297,54.41749572753906,27.38823699951172,30.641754150390625,27.388235092163086
95,49,-21.800926208496094,54.57893753051758,27.36609649658203,30.802528381347656,27.3660945892334
95,99,-21.806140899658203,54.543060302734375,27.299238204956055,30.769500732421875,27.299238204956055
95,149,-21.951026916503906,54.87644958496094,27.43711280822754,31.090801239013672,27.43711280822754
96,0,-21.799983978271484,54.56769561767578,27.351591110229492,30.78717803955078,27.35158920288086
96,49,-21.55029296875,54.087215423583984,27.25509262084961,30.315441131591797,27.25509262084961
96,99,-22.46656036376953,55.73676681518555,27.438756942749023,31.94595718383789,27.438756942749023
96,149,-21.627010345458984,54.30003356933594,27.382526397705078,30.528453826904297,27.382526397705078
97,0,-22.519485473632812,55.94210433959961,27.614452362060547,32.14476776123047,27.614452362060547
97,49,-23.19674301147461,57.0483283996582,27.58064079284668,33.24571990966797,27.58064079284668
97,99,-22.665607452392578,56.10184860229492,27.488752365112305,32.30424499511719,27.488752365112305
97,149,-21.275493621826172,53.50166320800781,27.063756942749023,29.73969268798828,27.06375503540039
98,0,-21.631114959716797,54.271446228027344,27.32938575744629,30.49853515625,27.32938575744629
98,49,-22.46086883544922,55.8599853515625,27.637802124023438,32.069480895996094,27.637798309326172
98,99,-22.235214233398438,55.29621124267578,27.356277465820312,31.512746810913086,27.356273651123047
98,149,-22.2631778717041,55.366519927978516,27.39183807373047,31.58293914794922,27.391836166381836
99,0,-22.60543441772461,55.96534729003906,27.434431076049805,32.1735725402832,27.434431076049805
99,49,-22.4752197265625,55.80255889892578,27.515792846679688,32.00437927246094,27.515792846679688
99,99,-22.31688117980957,55.44161605834961,27.370227813720703,31.65467643737793,27.37022590637207
99,149,-21.484004974365234,53.93696594238281,27.1954402923584,30.17399787902832,27.1954402923584
100,0,-23.060100555419922,56.79452896118164,27.54153823852539,32.98757553100586,27.54153823852539
100,49,-22.827621459960938,56.47694396972656,27.646366119384766,32.67386245727539,27.646366119384766
100,99,-21.66611099243164,54.286537170410156,27.2645263671875,30.511730194091797,27.264522552490234
100,149,-22.50362777709961,55.854881286621094,27.523258209228516,32.0624885559082,27.523258209228516
101,0,-22.837568283081055,56.45037078857422,27.58163833618164,32.65376281738281,27.58163833618164
101,49,-21.958818435668945,54.85873794555664,27.39106559753418,31.079715728759766,27.391063690185547
101,99,-23.054683685302734,56.80117416381836,27.5650577545166,32.99796676635742,27.5650577545166
101,149,-22.43923568725586,55.70733642578125,27.462921142578125,31.917640686035156,27.462921142578125
102,0,-22.726776123046875,56.1347541809082,27.385196685791016,32.34379577636719,27.385194778442383
102,49,-22.448566436767578,55.76350402832031,27.523839950561523,31.966018676757812,27.52383804321289
102,99,-22.348407745361328,55.470458984375,27.334672927856445,31.684391021728516,27.334671020507812
102,149,-22.03106689453125,55.000328063964844,27.42282485961914,31.218486785888672,27.422821044921875
103,0,-22.418798446655273,55.7745475769043,27.614826202392578,31.982433319091797,27.614826202392578
103,49,-22.41908073425293,55.480403900146484,27.172903060913086,31.693397521972656,27.172903060913086
103,99,-22.985004425048828,56.801414489746094,27.739606857299805,32.99700927734375,27.739606857299805
103,149,-22.980546951293945,56.65860366821289,27.53653907775879,32.85803985595703,27.536535263061523
104,0,-22.649991989135742,56.071075439453125,27.48163604736328,32.2783088684082,27.481632232666016
104,49,-22.546306610107422,56.01036834716797,27.649795532226562,32.21440887451172,27.649795532226562
104,99,-22.806598663330078,56.34397888183594,27.49947738647461,32.5517692565918,27.499473571777344
104,149,-21.967548370361328,54.95232009887695,27.509614944458008,31.17015266418457,27.509614944458008
105,0,-22.744762420654297,56.347434997558594,27.659252166748047,32.54548263549805,27.65924835205078
105,49,-22.28116226196289,55.5343017578125,27.598548889160156,31.74185562133789,27.598546981811523
105,99,-21.818119049072266,54.642601013183594,27.418603897094727,30.865442276000977,27.418601989746094
105,149,-22.424236297607422,55.68150329589844,27.461673736572266,31.88956069946289,27.461673736572266
106,0,-21.739173889160156,54.53462219238281,27.454002380371094,30.757240295410156,27.45400047302246
106,49,-22.74118423461914,56.27104187011719,27.553604125976562,32.47383117675781,27.55360221862793
106,99,-21.524341583251953,53.88092041015625,27.010526657104492,30.119319915771484,27.010526657104492
106,149,-22.939098358154297,56.69174575805664,27.689878463745117,32.88237762451172,27.689878463745117
107,0,-22.365550994873047,55.48488998413086,27.313457489013672,31.702438354492188,27.313457489013672
107,49,-21.75762176513672,54.48270034790039,27.32999610900879,30.708328247070312,27.32999610900879
107,99,-21.933059692382812,54.876319885253906,27.481830596923828,31.097164154052734,27.481828689575195
107,149,-22.0848445892334,55.112754821777344,27.457021713256836,31.329971313476562,27.457015991210938
108,0,-23.084136962890625,56.725425720214844,27.377798080444336,32.93132019042969,27.377798080444336
108,49,-22.929046630859375,56.598487854003906,27.575122833251953,32.7965202331543,27.575122833251953
108,99,-21.774085998535156,54.519874572753906,27.344600677490234,30.744794845581055,27.3445987701416
108,149,-22.409412384033203,55.60262680053711,27.380409240722656,31.81275177001953,27.380407333374023
109,0,-22.4412841796875,55.57745361328125,27.262971878051758,31.792205810546875,27.262971878051758
109,49,-21.36962127685547,53.6879768371582,27.1079158782959,29.923095703125,27.107913970947266
109,99,-21.929481506347656,54.83179473876953,27.42399024963379,31.050945281982422,27.423986434936523
109,149,-21.73168182373047,54.45281219482422,27.350017547607422,30.67754554748535,27.35001564025879
110,0,-21.831192016601562,54.691993713378906,27.46000862121582,30.91152572631836,27.46000862121582
110,49,-22.945537567138672,56.712154388427734,27.704389572143555,32.91010284423828,27.704389572143555
110,99,-22.02336883544922,54.99784469604492,27.43834114074707,31.22031021118164,27.43834114074707
110,149,-22.544170379638672,55.917152404785156,27.515304565429688,32.122314453125,27.515302658081055
111,0,-21.750335693359375,54.442909240722656,27.28853416442871,30.670379638671875,27.288530349731445
111,49,-21.78827476501465,54.492225646972656,27.267650604248047,30.718935012817383,27.26764678955078
111,99,-22.445756912231445,55.69481658935547,27.427839279174805,31.900146484375,27.427839279174805
111,149,-24.462337493896484,59.35453414916992,27.875953674316406,35.5230712890625,27.875953674316406
112,0,-21.4727725982666,53.937461853027344,27.224267959594727,30.17241096496582,27.224267959594727
112,49,-22.422094345092773,55.580177307128906,27.31502914428711,31.789688110351562,27.31502914428711
112,99,-21.487289428710938,54.04744338989258,27.35293960571289,30.277299880981445,27.35293960571289
112,149,-22.034893035888672,54.95600891113281,27.346778869628906,31.175140380859375,27.346778869628906
113,0,-22.691287994384766,56.149314880371094,27.495752334594727,32.347808837890625,27.49574851989746
113,49,-21.747013092041016,54.431053161621094,27.279050827026367,30.659019470214844,27.279050827026367
113,99,-21.319175720214844,53.686405181884766,27.231672286987305,29.919612884521484,27.231672286987305
113,149,-22.612144470214844,56.117347717285156,27.645662307739258,32.31798553466797,27.645662307739258
114,0,-22.95560073852539,56.62025833129883,27.5413875579834,32.81515121459961,27.541385650634766
114,49,-22.17724609375,55.184974670410156,27.334348678588867,31.398347854614258,27.334348678588867
114,99,-22.320640563964844,55.42600631713867,27.337406158447266,31.633445739746094,27.337404251098633
114,149,-21.99041748046875,54.90489959716797,27.381303787231445,31.125259399414062,27.381303787231445
115,0,-23.128143310546875,56.97754669189453,27.645971298217773,33.17283248901367,27.645967483520508
115,49,-22.089191436767578,55.079978942871094,27.396989822387695,31.29732894897461,27.396989822387695
115,99,-21.693435668945312,54.28319549560547,27.19120979309082,30.50867462158203,27.19120979309082
115,149,-23.12551498413086,56.82103729248047,27.41777229309082,33.02033233642578,27.41777229309082
116,0,-23.635154724121094,57.80035400390625,27.61264419555664,33.98316955566406,27.61264419555664
116,49,-22.062477111816406,54.95833206176758,27.281314849853516,31.172481536865234,27.281314849853516
116,99,-21.228450775146484,53.366859436035156,26.979171752929688,29.605194091796875,26.979167938232422
116,149,-22.40791893005371,55.66033172607422,27.470706939697266,31.87010383605957,27.470706939697266
117,0,-22.829423904418945,56.38652801513672,27.5062313079834,32.58517074584961,27.506227493286133
117,49,-22.80584144592285,56.39905548095703,27.583984375,32.59709167480469,27.583984375
117,99,-22.782939910888672,56.30865478515625,27.505638122558594,32.51610565185547,27.505634307861328
117,149,-21.585830688476562,54.10642623901367,27.195064544677734,30.333744049072266,27.1950626373291
118,0,-21.852096557617188,54.555320739746094,27.202741622924805,30.77735710144043,27.202739715576172
118,49,-22.032228469848633,54.94096374511719,27.33087921142578,31.155872344970703,27.33087921142578
118,99,-22.641136169433594,55.91741943359375,27.27328872680664,32.124149322509766,27.273286819458008
118,149,-21.71146011352539,54.49037170410156,27.456911087036133,30.712461471557617,27.456911087036133
119,0,-22.392929077148438,55.536277770996094,27.32210350036621,31.746397018432617,27.32210350036621
119,49,-21.273231506347656,53.5125732421875,27.08578109741211,29.752727508544922,27.08578109741211
119,99,-22.588781356811523,56.093605041503906,27.668460845947266,32.29956817626953,27.668460845947266
119,149,-23.515186309814453,57.576629638671875,27.57697868347168,33.761531829833984,27.57697868347168
120,0,-21.896026611328125,54.6434211730957,27.225067138671875,30.862369537353516,27.225067138671875
120,49,-21.515995025634766,53.991004943847656,27.19651985168457,30.223060607910156,27.19651985168457
120,99,-22.14141845703125,55.23638153076172,27.501028060913086,31.44961166381836,27.501028060913086
120,149,-23.160341262817383,57.29273223876953,28.03824806213379,33.48439407348633,28.038244247436523
121,0,-21.670604705810547,54.21112060546875,27.140169143676758,30.44318962097168,27.140167236328125
121,49,-21.618568420410156,54.19724655151367,27.249452590942383,30.424312591552734,27.24945068359375
121,99,-22.406917572021484,55.67339324951172,27.492799758911133,31.87853240966797,27.492795944213867
121,149,-22.944049835205078,56.55919647216797,27.47867774963379,32.759918212890625,27.478675842285156
122,0,-23.021778106689453,56.73783493041992,27.552310943603516,32.932559967041016,27.552310943603516
122,49,-21.80764389038086,54.54209899902344,27.29404067993164,30.763916015625,27.29404067993164
122,99,-22.291915893554688,55.47410583496094,27.481372833251953,31.68402862548828,27.481372833251953
122,149,-22.76620101928711,56.40092468261719,27.68588638305664,32.60321044921875,27.68588638305664
123,0,-21.3800106048584,53.83656311035156,27.304824829101562,30.070743560791016,27.304824829101562
123,49,-21.595497131347656,53.95726013183594,26.947154998779297,30.189605712890625,26.947154998779297
123,99,-23.32889175415039,57.22993850708008,27.52267837524414,33.42449951171875,27.52267837524414
123,149,-22.087398529052734,55.01237106323242,27.300058364868164,31.22979736328125,27.300058364868164
124,0,-21.703248977661133,54.478065490722656,27.45897674560547,30.7025146484375,27.45897674560547
124,49,-22.14450454711914,55.278743743896484,27.556856155395508,31.493677139282227,27.556856155395508
124,99,-22.084915161132812,55.150142669677734,27.5129337310791,31.364906311035156,27.5129337310791
124,149,-22.58333969116211,56.24966049194336,27.91614532470703,32.455101013183594,27.91614532470703
125,0,-23.102588653564453,56.96136474609375,27.68557357788086,33.15232849121094,27.685571670532227
125,49,-22.204540252685547,55.16339111328125,27.233739852905273,31.378456115722656,27.233739852905273
125,99,-21.53632354736328,54.10961151123047,27.323604583740234,30.337427139282227,27.323604583740234
125,149,-21.84714126586914,54.661094665527344,27.373790740966797,30.886611938476562,27.373790740966797
126,0,-23.460861206054688,57.71845626831055,27.925535202026367,33.9010009765625,27.925535202026367
126,49,-22.9114990234375,56.5764045715332,27.58585548400879,32.769203186035156,27.58585548400879
126,99,-21.56711196899414,54.007225036621094,27.093053817749023,30.23929214477539,27.09305191040039
126,149,-22.544742584228516,55.851783752441406,27.415817260742188,32.05674743652344,27.415815353393555
127,0,-22.00592613220215,55.07782745361328,27.601932525634766,31.294584274291992,27.601930618286133
127,49,-21.34477996826172,53.70228958129883,27.191482543945312,29.939353942871094,27.19148063659668
127,99,-22.509746551513672,55.80717468261719,27.436397552490234,32.0153923034668,27.43639373779297
127,149,-22.107147216796875,55.207664489746094,27.54362678527832,31.42133140563965,27.543624877929688
128,0,-22.336833953857422,55.512939453125,27.42732810974121,31.72718620300293,27.427324295043945
128,49,-22.515422821044922,55.96965026855469,27.66592025756836,32.179283142089844,27.66592025756836
128,99,-23.0537166595459,56.826011657714844,27.604726791381836,33.02259063720703,27.604726791381836
128,149,-22.835693359375,56.525611877441406,27.699180603027344,32.72287368774414,27.69917869567871
129,0,-22.399845123291016,55.488914489746094,27.233762741088867,31.70637321472168,27.233762741088867
129,49,-22.176158905029297,55.28392028808594,27.48548698425293,31.499008178710938,27.485485076904297
129,99,-23.05904769897461,56.959503173828125,27.791641235351562,33.15401840209961,27.79163932800293
129,149,-21.844390869140625,54.67041015625,27.394636154174805,30.893108367919922,27.394636154174805
130,0,-22.410987854003906,55.72599411010742,27.5615177154541,31.93255615234375,27.5615177154541
130,49,-22.524206161499023,55.65308380126953,27.169116973876953,31.864450454711914,27.169113159179688
130,99,-22.39679527282715,55.78269958496094,27.68206024169922,31.992433547973633,27.68206024169922
130,149,-23.831768035888672,58.26325988769531,27.815475463867188,34.4438591003418,27.815473556518555
131,0,-22.349964141845703,55.55036926269531,27.45064926147461,31.762569427490234,27.45064926147461
131,49,-22.791337966918945,56.23594284057617,27.375568389892578,32.445594787597656,27.375568389892578
131,99,-23.208637237548828,57.06238555908203,27.571992874145508,33.257415771484375,27.571990966796875
131,149,-22.37268829345703,55.52714157104492,27.358999252319336,31.740196228027344,27.358999252319336
132,0,-22.49779510498047,55.934783935546875,27.65768814086914,32.1390380859375,27.657686233520508
132,49,-22.341482162475586,55.50265884399414,27.400287628173828,31.71236228942871,27.400285720825195
132,99,-22.227590560913086,55.398956298828125,27.529462814331055,31.605850219726562,27.529460906982422
132,149,-22.48038101196289,55.75112533569336,27.42573356628418,31.970136642456055,27.42573356628418
133,0,-22.89483642578125,56.43689727783203,27.418256759643555,32.64143371582031,27.418256759643555
133,49,-21.362483978271484,53.776580810546875,27.258663177490234,30.011947631835938,27.2586612701416
133,99,-22.252771377563477,55.25202178955078,27.24610710144043,31.474693298339844,27.24610710144043
133,149,-23.361770629882812,57.32942199707031,27.58970832824707,33.520050048828125,27.58970832824707
134,0,-21.940258026123047,54.810516357421875,27.365131378173828,31.030494689941406,27.365129470825195
134,49,-22.8138427734375,56.302520751953125,27.419174194335938,32.50655746459961,27.419174194335938
134,99,-22.80248260498047,56.204410552978516,27.300411224365234,32.411563873291016,27.300411224365234
134,149,-22.198081970214844,55.27497482299805,27.417255401611328,31.49510955810547,27.417255401611328
135,0,-22.768596649169922,56.334190368652344,27.579790115356445,32.532012939453125,27.579790115356445
135,49,-21.9420108795166,54.756683349609375,27.280000686645508,30.98138427734375,27.280000686645508
135,99,-21.951833724975586,54.93755340576172,27.526744842529297,31.15276336669922,27.526744842529297
135,149,-22.21780014038086,55.35455322265625,27.487335205078125,31.567813873291016,27.487335205078125
136,0,-21.376911163330078,53.85839080810547,27.345314025878906,30.086763381958008,27.345312118530273
136,49,-22.758495330810547,56.47426986694336,27.815166473388672,32.67024230957031,27.81516456604004
136,99,-21.48311996459961,53.924110412597656,27.178373336791992,30.157196044921875,27.178373336791992
136,149,-21.882638931274414,54.72914123535156,27.387117385864258,30.950077056884766,27.387115478515625
137,0,-23.290180206298828,57.00105667114258,27.276132583618164,33.20128631591797,27.276132583618164
137,49,-22.789569854736328,56.17805480957031,27.293153762817383,32.38470458984375,27.293153762817383
137,99,-22.395889282226562,55.55518341064453,27.343053817749023,31.766742706298828,27.34305191040039
137,149,-22.223960876464844,55.30531311035156,27.3980712890625,31.520584106445312,27.3980712890625
138,0,-22.527151107788086,55.915077209472656,27.554744720458984,32.11663818359375,27.55474281311035
138,49,-21.779071807861328,54.52998352050781,27.3472957611084,30.751323699951172,27.3472957611084
138,99,-22.887466430664062,56.524253845214844,27.567718505859375,32.72583770751953,27.567716598510742
138,149,-22.873165130615234,56.56891632080078,27.670469284057617,32.76902770996094,27.670469284057617
139,0,-22.332469940185547,55.370296478271484,27.224275588989258,31.58414649963379,27.224271774291992
139,49,-21.155899047851562,53.320003509521484,27.090255737304688,29.56351089477539,27.090255737304688
139,99,-22.295654296875,55.47517776489258,27.4736328125,31.687150955200195,27.4736328125
139,149,-22.251447677612305,55.38222885131836,27.44472885131836,31.59848976135254,27.44472885131836
140,0,-22.61227035522461,56.14286804199219,27.68362808227539,32.34354019165039,27.68362808227539
140,49,-22.051612854003906,55.10654067993164,27.53078269958496,31.316909790039062,27.53078269958496
140,99,-21.821475982666016,54.50658416748047,27.206192016601562,30.738706588745117,27.206188201904297
140,149,-21.7627010345459,54.4798583984375,27.31303596496582,30.70651626586914,27.31303596496582
141,0,-23.346115112304688,57.265968322753906,27.533666610717773,33.453834533691406,27.53366470336914
141,49,-22.626304626464844,56.085472106933594,27.56244659423828,32.288360595703125,27.56244468688965
141,99,-21.997987747192383,54.87335205078125,27.3150577545166,31.092546463012695,27.3150577545166
141,149,-22.68482208251953,56.285499572753906,27.716196060180664,32.478485107421875,27.716196060180664
142,0,-21.308002471923828,53.673744201660156,27.240610122680664,29.909379959106445,27.240610122680664
142,49,-21.303497314453125,53.70832061767578,27.30374526977539,29.942127227783203,27.303743362426758
142,99,-21.927154541015625,54.70804214477539,27.244176864624023,30.929317474365234,27.24417495727539
142,149,-22.265460968017578,55.43070602416992,27.482410430908203,31.639495849609375,27.48240852355957
143,0,-23.12549591064453,56.89850997924805,27.534025192260742,33.0970458984375,27.534025192260742
143,49,-21.567094802856445,54.20183181762695,27.385009765625,30.43035888671875,27.385009765625
143,99,-22.645946502685547,56.14939880371094,27.609233856201172,32.34996795654297,27.609233856201172
143,149,-21.748960494995117,54.43852233886719,27.285388946533203,30.664775848388672,27.28538703918457
144,0,-23.18380355834961,56.98736572265625,27.521541595458984,33.18119430541992,27.52153968811035
144,49,-22.17060089111328,55.21179962158203,27.391204833984375,31.43126678466797,27.391204833984375
144,99,-21.51074981689453,54.06359100341797,27.318511962890625,30.287853240966797,27.318511962890625
144,149,-22.446788787841797,55.82468032836914,27.62005043029785,32.03112030029297,27.62005043029785
145,0,-23.48047637939453,57.71641540527344,27.873437881469727,33.900733947753906,27.873437881469727
145,49,-22.006465911865234,54.86574172973633,27.282445907592773,31.088478088378906,27.282445907592773
145,99,-21.922077178955078,54.78999710083008,27.379810333251953,31.0101375579834,27.37980842590332
145,149,-21.94683265686035,54.85767364501953,27.4194278717041,31.074054718017578,27.4194278717041
146,0,-21.88204574584961,54.68484115600586,27.322145462036133,30.910276412963867,27.322141647338867
146,49,-23.306509017944336,57.42144775390625,27.86590003967285,33.60845184326172,27.86589813232422
146,99,-22.341419219970703,55.574039459228516,27.507516860961914,31.785167694091797,27.50751495361328
146,149,-21.91311264038086,54.84333419799805,27.482223510742188,31.05913543701172,27.482223510742188
147,0,-23.07787322998047,56.82114791870117,27.53704071044922,33.02088165283203,27.53704071044922
147,49,-22.295822143554688,55.48429870605469,27.486894607543945,31.694602966308594,27.486894607543945
147,99,-23.12478256225586,57.01499938964844,27.710538864135742,33.210693359375,27.71053695678711
147,149,-22.795467376708984,56.343841552734375,27.5270938873291,32.545127868652344,27.5270938873291
148,0,-22.170276641845703,55.22660446166992,27.41421890258789,31.444156646728516,27.41421890258789
148,49,-22.22092056274414,55.193580627441406,27.238075256347656,31.407590866088867,27.23807144165039
148,99,-23.16762351989746,57.10758972167969,27.742332458496094,33.297767639160156,27.742328643798828
148,149,-22.894481658935547,56.69438934326172,27.805381774902344,32.892311096191406,27.805381774902344
149,0,-21.602563858032227,54.100433349609375,27.144245147705078,30.334983825683594,27.144245147705078
149,49,-22.580371856689453,55.992713928222656,27.538145065307617,32.19792175292969,27.538145065307617
149,99,-23.29482650756836,57.218143463134766,27.59014892578125,33.40639877319336,27.590147018432617
149,149,-22.10552215576172,54.99541473388672,27.22931671142578,31.209911346435547,27.22931671142578
150,0,-23.424781799316406,57.50782012939453,27.699771881103516,33.69823455810547,27.69976806640625
150,49,-21.810558319091797,54.569766998291016,27.328262329101562,30.793882369995117,27.328262329101562
150,99,-22.397281646728516,55.74113464355469,27.61850357055664,31.947725296020508,27.61850357055664
150,149,-22.967571258544922,56.5868034362793,27.461278915405273,32.784149169921875,27.46127700805664
151,0,-22.08399772644043,55.14214324951172,27.50322723388672,31.36073112487793,27.50322723388672
151,49,-22.166431427001953,55.24921417236328,27.457738876342773,31.45836639404297,27.457738876342773
151,99,-22.424762725830078,55.777442932128906,27.604265213012695,31.982131958007812,27.604265213012695
151,149,-22.663909912109375,56.08704376220703,27.470800399780273,32.288150787353516,27.470800399780273
152,0,-21.71192169189453,54.423561096191406,27.355539321899414,30.649333953857422,27.35553741455078
152,49,-21.979778289794922,54.871524810791016,27.357847213745117,31.094947814941406,27.357847213745117
152,99,-21.926807403564453,54.68733215332031,27.21398162841797,30.90791130065918,27.21398162841797
152,149,-23.687889099121094,58.05904769897461,27.86884880065918,34.23713684082031,27.868846893310547
153,0,-21.983684539794922,54.95421600341797,27.47211265563965,31.17653465270996,27.472110748291016
153,49,-22.438922882080078,55.812225341796875,27.62102699279785,32.01743698120117,27.62102508544922
153,99,-21.992372512817383,55.067543029785156,27.620386123657227,31.28567123413086,27.620386123657227
153,149,-22.545734405517578,56.023841857910156,27.671430587768555,32.22748565673828,27.671428680419922
154,0,-21.858074188232422,54.698951721191406,27.40324592590332,30.92144775390625,27.40324592590332
154,49,-24.471317291259766,59.357994079589844,27.858701705932617,35.5284538269043,27.858701705932617
154,99,-22.021728515625,55.01487731933594,27.467994689941406,31.23016929626465,27.467994689941406
154,149,-22.626962661743164,56.011688232421875,27.45012664794922,32.214080810546875,27.45012664794922
155,0,-21.674659729003906,54.311363220214844,27.280397415161133,30.538047790527344,27.2803955078125
155,49,-22.219898223876953,55.43595886230469,27.604198455810547,31.643396377563477,27.604198455810547
155,99,-22.429187774658203,55.782249450683594,27.600414276123047,31.98847770690918,27.600414276123047
155,149,-23.3831844329834,57.48845672607422,27.774728775024414,33.67023468017578,27.77472686767578
156,0,-21.660526275634766,54.37120056152344,27.40549087524414,30.600170135498047,27.40549087524414
156,49,-22.107467651367188,55.098350524902344,27.378860473632812,31.314014434814453,27.378860473632812
156,99,-21.235942840576172,53.65565490722656,27.39362907409668,29.893043518066406,27.39362907409668
156,149,-23.09290885925293,56.845802307128906,27.536434173583984,33.0435676574707,27.53643035888672
157,0,-21.388694763183594,53.7032585144043,27.083154678344727,29.939186096191406,27.083154678344727
157,49,-23.118927001953125,57.05367660522461,27.783199310302734,33.24311065673828,27.78319549560547
157,99,-22.84225082397461,56.37757873535156,27.460742950439453,32.57637023925781,27.46074104309082
157,149,-22.06614875793457,55.070533752441406,27.440427780151367,31.285232543945312,27.440425872802734
158,0,-22.560386657714844,56.048919677734375,27.672414779663086,32.24977111816406,27.672414779663086
158,49,-22.911697387695312,56.57756805419922,27.58711051940918,32.78141784667969,27.58711051940918
158,99,-22.211524963378906,55.37601089477539,27.53521156311035,31.584686279296875,27.53521156311035
158,149,-23.343400955200195,57.337955474853516,27.648433685302734,33.52849578857422,27.648433685302734
159,0,-22.393516540527344,55.548805236816406,27.339418411254883,31.76236343383789,27.339418411254883
159,49,-22.189123153686523,55.211727142333984,27.344783782958984,31.425979614257812,27.34478187561035
159,99,-22.657264709472656,56.220489501953125,27.687578201293945,32.41678237915039,27.687576293945312
159,149,-22.915138244628906,56.700050354003906,27.762229919433594,32.890411376953125,27.762229919433594
160,0,-22.331684112548828,55.48551559448242,27.399059295654297,31.700836181640625,27.399059295654297
160,49,-22.606504440307617,56.04539489746094,27.551836013793945,32.24602508544922,27.551830291748047
160,99,-22.03192138671875,55.080322265625,27.540681838989258,31.29370880126953,27.540679931640625
160,149,-22.410873413085938,55.632835388183594,27.422073364257812,31.840578079223633,27.42207145690918
161,0,-22.19738006591797,55.145286560058594,27.224483489990234,31.361095428466797,27.224483489990234
161,49,-22.912485122680664,56.46348571777344,27.414020538330078,32.66482162475586,27.414020538330078
161,99,-23.277650833129883,57.26020812988281,27.696184158325195,33.44488525390625,27.696182250976562
161,149,-22.17346954345703,55.22290802001953,27.400691986083984,31.434471130371094,27.400691986083984
162,0,-23.625865936279297,57.77693557739258,27.600744247436523,33.96674346923828,27.600744247436523
162,49,-23.058048248291016,56.71991729736328,27.43475914001465,32.911476135253906,27.43475914001465
162,99,-22.21907615661621,55.29839324951172,27.399906158447266,31.512224197387695,27.399906158447266
162,149,-22.57331085205078,55.98500061035156,27.544227600097656,32.188926696777344,27.544227600097656
163,0,-22.849966049194336,56.50870132446289,27.63814353942871,32.707149505615234,27.63814353942871
163,49,-22.012544631958008,54.970680236816406,27.424663543701172,31.186737060546875,27.424663543701172
163,99,-21.988788604736328,54.89020538330078,27.363338470458984,31.107933044433594,27.363338470458984
163,149,-22.735183715820312,56.279937744140625,27.581945419311523,32.48057556152344,27.581945419311523
164,0,-22.6121768951416,56.11671447753906,27.644628524780273,32.314109802246094,27.64462661743164
164,49,-22.88182258605957,56.689674377441406,27.8299560546875,32.88498306274414,27.8299560546875
164,99,-22.868682861328125,56.45664978027344,27.51327133178711,32.660057067871094,27.51327133178711
164,149,-21.771141052246094,54.475006103515625,27.28466033935547,30.700340270996094,27.28466033935547
165,0,-23.08944320678711,56.94595718383789,27.695331573486328,33.138084411621094,27.695329666137695
165,49,-21.144533157348633,53.31785202026367,27.115449905395508,29.560609817504883,27.115449905395508
165,99,-21.672542572021484,54.376033782958984,27.38269805908203,30.60698127746582,27.38269805908203
165,149,-22.748008728027344,56.384788513183594,27.707164764404297,32.58247756958008,27.70716094970703
166,0,-22.36826515197754,55.62269973754883,27.51339340209961,31.833337783813477,27.51339340209961
166,49,-22.571130752563477,55.94995880126953,27.497114181518555,32.156776428222656,27.497114181518555
166,99,-22.45998764038086,55.68377685546875,27.37569808959961,31.890106201171875,27.37569808959961
166,149,-21.721717834472656,54.450904846191406,27.37206268310547,30.676374435424805,27.372060775756836
167,0,-22.77837371826172,56.27050018310547,27.459821701049805,32.47894287109375,27.459821701049805
167,49,-22.672283172607422,56.01337432861328,27.3393497467041,32.22181701660156,27.33934783935547
167,99,-22.613948822021484,56.063743591308594,27.560749053955078,32.269386291503906,27.560749053955078
167,149,-22.972068786621094,56.691566467285156,27.60718536376953,32.88785934448242,27.607181549072266
168,0,-22.83828353881836,56.52153015136719,27.686586380004883,32.7171516418457,27.686586380004883
168,49,-22.132610321044922,55.14451599121094,27.385251998901367,31.3653564453125,27.385251998901367
168,99,-22.454421997070312,55.78363800048828,27.539405822753906,31.995399475097656,27.539403915405273
168,149,-23.49129295349121,57.6849250793457,27.799161911010742,33.86692810058594,27.799161911010742
169,0,-21.850887298583984,54.59272003173828,27.261863708496094,30.81774139404297,27.26186180114746
169,49,-22.39246940612793,55.56427764892578,27.365249633789062,31.78146743774414,27.36524772644043
169,99,-22.756166458129883,56.127723693847656,27.301172256469727,32.334957122802734,27.301172256469727
169,149,-23.03294563293457,56.69011306762695,27.45280647277832,32.89210510253906,27.45280647277832
170,0,-22.178564071655273,55.24786376953125,27.42538833618164,31.46322250366211,27.42538833618164
170,49,-22.16568374633789,55.281951904296875,27.50872230529785,31.498991012573242,27.50872230529785
170,99,-22.40167999267578,55.58786392211914,27.377595901489258,31.80077362060547,27.377595901489258
170,149,-22.26813507080078,55.407527923583984,27.440956115722656,31.618762969970703,27.440956115722656
171,0,-22.59471893310547,55.92357635498047,27.398569107055664,32.12752914428711,27.398569107055664
171,49,-23.039108276367188,56.677345275878906,27.41824722290039,32.87709045410156,27.418245315551758
171,99,-23.192089080810547,57.1014404296875,27.67193603515625,33.2916374206543,27.67193603515625
171,149,-22.74169921875,56.17539978027344,27.40885353088379,32.37629699707031,27.40885353088379
172,0,-22.723182678222656,56.1831169128418,27.46672821044922,32.38309860229492,27.46672821044922
172,49,-21.74364471435547,54.45454788208008,27.322710037231445,30.6795654296875,27.322708129882812
172,99,-22.651840209960938,56.1092529296875,27.534284591674805,32.315185546875,27.53428077697754
172,149,-21.68282127380371,54.37689208984375,27.358287811279297,30.608131408691406,27.358287811279297
173,0,-22.86050796508789,56.43536376953125,27.50178337097168,32.636512756347656,27.501781463623047
173,49,-23.41949462890625,57.452667236328125,27.630273818969727,33.640098571777344,27.630273818969727
173,99,-22.519664764404297,55.86763000488281,27.502290725708008,32.07743835449219,27.502288818359375
173,149,-22.27747344970703,55.460880279541016,27.497644424438477,31.670433044433594,27.497642517089844
174,0,-22.32073211669922,55.57477569580078,27.560338973999023,31.77666473388672,27.56033706665039
174,49,-22.539752960205078,55.83118438720703,27.39739418029785,32.03977966308594,27.39739418029785
174,99,-22.774141311645508,56.399208068847656,27.663463592529297,32.599544525146484,27.663463592529297
174,149,-22.546794891357422,55.82830810546875,27.37547492980957,32.03696823120117,27.37547492980957
175,0,-23.533016204833984,57.61166000366211,27.58495330810547,33.796451568603516,27.58495330810547
175,49,-22.292781829833984,55.364418029785156,27.314672470092773,31.57887840270996,27.314668655395508
175,99,-22.45057487487793,55.64529800415039,27.34151268005371,31.857746124267578,27.341508865356445
175,149,-23.867168426513672,58.37568664550781,27.89560890197754,34.55136489868164,27.89560890197754
176,0,-22.545318603515625,56.0168342590332,27.66196060180664,32.22200012207031,27.66196060180664
176,49,-23.335041046142578,57.34598922729492,27.681385040283203,33.536415100097656,27.68138313293457
176,99,-22.3778076171875,55.60874938964844,27.468605041503906,31.814407348632812,27.468605041503906
176,149,-22.545364379882812,55.852169036865234,27.414844512939453,32.05535125732422,27.41484260559082
177,0,-22.412899017333984,55.532371520996094,27.266311645507812,31.74575424194336,27.266311645507812
177,49,-23.383777618408203,57.34182357788086,27.553293228149414,33.533912658691406,27.553293228149414
177,99,-22.533700942993164,55.9493408203125,27.589763641357422,32.161865234375,27.589763641357422
177,149,-23.13161277770996,56.90602493286133,27.530006408691406,33.10435104370117,27.530006408691406
178,0,-22.785823822021484,56.24040222167969,27.39604949951172,32.441768646240234,27.39604949951172
178,49,-22.665559768676758,56.22855758666992,27.67894172668457,32.430686950683594,27.678939819335938
178,99,-21.94662857055664,54.99665832519531,27.628419876098633,31.214725494384766,27.62841796875
178,149,-22.16567039489746,55.33888244628906,27.59415054321289,31.55308723449707,27.59415054321289
179,0,-22.53615951538086,55.95414733886719,27.59082794189453,32.15721893310547,27.59082794189453
179,49,-22.272031784057617,55.635498046875,27.773174285888672,31.846967697143555,27.773174285888672
179,99,-22.992477416992188,56.577980041503906,27.385774612426758,32.77788543701172,27.385772705078125
179,149,-22.204715728759766,55.265098571777344,27.385866165161133,31.47911834716797,27.385866165161133
180,0,-22.685083389282227,56.225807189941406,27.62600326538086,32.42383575439453,27.62600326538086
180,49,-22.724069595336914,56.12617492675781,27.379087448120117,32.33521270751953,27.379087448120117
180,99,-22.337684631347656,55.673744201660156,27.666404724121094,31.88127899169922,27.666404724121094
180,149,-21.264816284179688,53.72399139404297,27.423952102661133,29.961936950683594,27.4239501953125
181,0,-23.006567001342773,56.75305938720703,27.613176345825195,32.951778411865234,27.613176345825195
181,49,-23.01816177368164,56.79777908325195,27.651268005371094,32.9916877746582,27.651268005371094
181,99,-23.630277633666992,57.960453033447266,27.8649845123291,34.143592834472656,27.86498260498047
181,149,-22.339506149291992,55.533836364746094,27.451995849609375,31.74460792541504,27.45199203491211
182,0,-22.957096099853516,56.63521194458008,27.560083389282227,32.827457427978516,27.56007957458496
182,49,-22.95108985900879,56.790069580078125,27.807382583618164,32.98075866699219,27.807382583618164
182,99,-23.138694763183594,56.851497650146484,27.430511474609375,33.04561996459961,27.430511474609375
182,149,-22.8787899017334,56.56694793701172,27.65345001220703,32.76134490966797,27.65345001220703
183,0,-22.339107513427734,55.504730224609375,27.40933609008789,31.716352462768555,27.40933609008789
183,49,-23.260047912597656,57.280235290527344,27.77022933959961,33.47333526611328,27.77022933959961
183,99,-23.81720542907715,58.290184020996094,27.892269134521484,34.46227264404297,27.892269134521484
183,149,-23.068687438964844,56.755943298339844,27.462196350097656,32.94752883911133,27.462194442749023
184,0,-22.68869400024414,56.03498840332031,27.330753326416016,32.23994064331055,27.330753326416016
184,49,-22.913803100585938,56.63615417480469,27.669723510742188,32.8280029296875,27.669723510742188
184,99,-22.28496551513672,55.43058776855469,27.4334716796875,31.638225555419922,27.4334716796875
184,149,-22.63265609741211,55.95576477050781,27.352006912231445,32.166038513183594,27.352006912231445
185,0,-21.471965789794922,54.03436279296875,27.371631622314453,30.26465606689453,27.371627807617188
185,49,-22.486656188964844,55.65716552734375,27.26911735534668,31.864215850830078,27.26911735534668
185,99,-21.29697608947754,53.67054748535156,27.26338768005371,29.907936096191406,27.263383865356445
185,149,-23.083166122436523,57.007320404052734,27.803071975708008,33.195701599121094,27.803070068359375
186,0,-22.93017578125,56.508243560791016,27.436931610107422,32.709781646728516,27.436927795410156
186,49,-22.333600997924805,55.41282653808594,27.285236358642578,31.62571144104004,27.285236358642578
186,99,-22.76776695251465,56.291534423828125,27.517885208129883,32.49603271484375,27.517885208129883
186,149,-22.229045867919922,55.234840393066406,27.27965545654297,31.449344635009766,27.27965545654297
187,0,-22.150524139404297,55.210750579833984,27.4398250579834,31.4254150390625,27.4398250579834
187,49,-23.85952377319336,58.196678161621094,27.646207809448242,34.370635986328125,27.646207809448242
187,99,-22.79464340209961,56.31928634643555,27.492321014404297,32.52222442626953,27.492319107055664
187,149,-21.487703323364258,54.13032913208008,27.476238250732422,30.358963012695312,27.476238250732422
188,0,-23.081024169921875,56.818153381347656,27.524669647216797,33.01136016845703,27.524669647216797
188,49,-23.250892639160156,57.25947952270508,27.76198959350586,33.44779968261719,27.76198959350586
188,99,-23.327117919921875,57.3140983581543,27.653358459472656,33.50950241088867,27.653358459472656
188,149,-23.06052017211914,56.975643157958984,27.81216812133789,33.171085357666016,27.81216812133789
189,0,-23.439218521118164,57.631439208984375,27.8491153717041,33.8177490234375,27.84911346435547
189,49,-22.515949249267578,55.928497314453125,27.602872848510742,32.13432693481445,27.60287094116211
189,99,-22.102771759033203,55.11617660522461,27.41733169555664,31.330955505371094,27.41733169555664
189,149,-21.421085357666016,53.789764404296875,27.131940841674805,30.022294998168945,27.131940841674805
190,0,-21.866741180419922,54.79706954956055,27.52875328063965,31.01291275024414,27.52875328063965
190,49,-22.735427856445312,56.350379943847656,27.687007904052734,32.55582809448242,27.687007904052734
190,99,-23.888656616210938,58.409034729003906,27.89191246032715,34.577884674072266,27.89191246032715
190,149,-22.1964111328125,55.459259033203125,27.69786834716797,31.67203712463379,27.69786834716797
191,0,-22.19963836669922,55.41930389404297,27.629858016967773,31.629161834716797,27.62985610961914
191,49,-21.66146469116211,54.46537780761719,27.544414520263672,30.69508171081543,27.54441261291504
191,99,-22.431087493896484,55.72816467285156,27.514530181884766,31.930644989013672,27.514530181884766
191,149,-21.98981475830078,54.939964294433594,27.435413360595703,31.160802841186523,27.43541145324707
192,0,-23.066761016845703,56.92460632324219,27.720008850097656,33.11510467529297,27.720008850097656
192,49,-22.400279998779297,55.815330505371094,27.72230339050293,32.02194595336914,27.722301483154297
192,99,-21.98780059814453,54.876461029052734,27.345190048217773,31.095441818237305,27.345190048217773
192,149,-22.90243148803711,56.588951110839844,27.62735366821289,32.7879524230957,27.62735366821289
193,0,-21.83281135559082,54.6076545715332,27.329458236694336,30.829952239990234,27.329458236694336
193,49,-22.919015884399414,56.59425354003906,27.59384536743164,32.79137420654297,27.59384536743164
193,99,-23.522876739501953,57.71259689331055,27.761709213256836,33.89275360107422,27.76170539855957
193,149,-22.84250259399414,56.545249938964844,27.711620330810547,32.74626922607422,27.711620330810547
194,0,-22.617469787597656,55.96895980834961,27.409770965576172,32.17277145385742,27.409770965576172
194,49,-22.09172248840332,55.09534454345703,27.413715362548828,31.312105178833008,27.413715362548828
194,99,-22.5440673828125,55.96534729003906,27.587852478027344,32.17192077636719,27.587848663330078
194,149,-22.5443058013916,55.96330261230469,27.58419418334961,32.17045593261719,27.584190368652344
195,0,-23.837093353271484,58.30459213256836,27.86416244506836,34.4814338684082,27.864160537719727
195,49,-23.28009796142578,57.14860153198242,27.52265739440918,33.341495513916016,27.522655487060547
195,99,-22.15822982788086,55.19231414794922,27.39290428161621,31.407264709472656,27.392902374267578
195,149,-23.668012619018555,57.78150177001953,27.502225875854492,33.965919494628906,27.502225875854492
196,0,-23.47256088256836,57.642730712890625,27.782695770263672,33.82499694824219,27.78268814086914
196,49,-21.910385131835938,54.727149963378906,27.314767837524414,30.948232650756836,27.31476593017578
196,99,-23.011268615722656,56.865943908691406,27.770748138427734,33.05427551269531,27.7707462310791
196,149,-22.894207000732422,56.517974853515625,27.541444778442383,32.713809967041016,27.541444778442383
197,0,-23.70779037475586,58.181922912597656,28.00341796875,34.36330032348633,28.00341796875
197,49,-22.09425926208496,55.219303131103516,27.593311309814453,31.437583923339844,27.593311309814453
197,99,-23.115161895751953,56.9990234375,27.710636138916016,33.19188690185547,27.710636138916016
197,149,-23.056072235107422,56.76777267456055,27.511478424072266,32.963741302490234,27.511478424072266
198,0,-22.04150390625,55.11228942871094,27.564674377441406,31.327899932861328,27.564674377441406
198,49,-22.45532989501953,55.62540817260742,27.299793243408203,31.835969924926758,27.29979133605957
198,99,-22.993440628051758,56.75777816772461,27.65306854248047,32.95473861694336,27.65306854248047
198,149,-23.074016571044922,56.85834884643555,27.602479934692383,33.05022430419922,27.602476119995117
199,0,-22.726303100585938,56.323585510253906,27.66961669921875,32.523155212402344,27.669612884521484
199,49,-22.62377166748047,56.12548065185547,27.628793716430664,32.32746124267578,27.628793716430664
199,99,-22.648189544677734,56.18444061279297,27.65619468688965,32.38618087768555,27.65619468688965
199,149,-22.07281494140625,55.121524810791016,27.500255584716797,31.33724021911621,27.500255584716797
