F_Idx,F_CommID,F_Time,F_UserID,F_UserName,F_Comment,T_Idx,T_UserID,T_UserName,T_CommID,T_Time,T_Comment,Floor_Idx,Floor_CommID,Floor_UserID
7,4842368296289558,2022-12-02 23:13:51+08:00,7752939212,花月歌浮舟,考古结束@Akoi,,,,,,,,,
45,4481688375200938,2020-03-12 16:20:37+08:00,6153913596,原神忠粉,作为米哈游科技（上海）有限公司制作发行的一款开放世界冒险游戏，画面风格精致富有美感，是一款自由度很高的手游大作，我真心想获得本次测试，也会抓住每一个机会，我会努力争取的！[太开心]@原神 旅行者，安柏，凯亚，琴，丽莎，芭芭拉，到时候一定与你们结友！共度时光@微博抽奖平台 加油！#原神#,,,,,,,,,
47,4461401621863634,2020-01-16 16:48:17+08:00,5648392127,DodLIke刂兆,等私信@_恭弥大人_ ,,,,,,,,,
48,4461395208773600,2020-01-16 16:22:48+08:00,5210165672,wangxorz,@b1gcatttttttttt 来个测试资格吧[二哈],,,,,,,,,
53,4460756835567135,2020-01-14 22:06:08+08:00,6555427619,葱花不开花,@相生栗子 嘿嘿，栗子大大出来装个好友帮个忙[太开心][太开心],,,,,,,,,
74,4456130040057386,2020-01-02 03:40:54+08:00,5539462903,咦我昵称哪去了,@焱瞮 ,,,,,,,,,
111,4435939457602011,2019-11-07 10:30:45+08:00,5283513157,圈圈喵酱,@鹿凛sama [鼓掌],,,,,,,,,
113,4435615460101874,2019-11-06 13:03:17+08:00,5675516293,古韵流年5675516293,想要内测资格@原神,,,,,,,,,
121,4432458113942887,2019-10-28 19:57:08+08:00,6579588661,YZM27368,在，给个内测码？@原神 [悲伤],,,,,,,,,
123,4431210417394833,2019-10-25 09:19:14+08:00,1954202467,少女不到80斤,@像风雨像空气,,,,,,,,,
144,4419728204010603,2019-09-23 16:53:01+08:00,1825795330,OoooneDay,@李三辣 到时候玩这个游戏，虽然是抄袭的,,,,,,,,,
152,4416882087892965,2019-09-15 20:23:33+08:00,5772842621,没头脑吔不高兴,@青青子w miHoYo！,,,,,,,,,
162,4412811423421675,2019-09-04 14:48:12+08:00,2794810450,为昵感动,@有妖气原创漫画梦工厂,,,,,,,,,
167,4412477502189067,2019-09-03 16:41:19+08:00,3214933532,AirBrighton,我只想问一句，什么时候pc可以玩？？？？@原神,,,,,,,,,
173,4409014143951217,2019-08-25 03:19:09+08:00,1843210225,你好鬼厉先生,@小星空吃土豆 这一天终于还是来了,,,,,,,,,
253,4402956638484275,2019-08-08 10:08:47+08:00,7193476268,TheXgoisw,@卧栏听风笛 ,,,,,,,,,
259,4402729810043773,2019-08-07 19:07:27+08:00,2101486991,小叻ROKA,@木愈myu ,,,,,,,,,
305,4401969973964848,2019-08-05 16:48:09+08:00,2925673401,煎饼的红领巾更鲜艳了,@贫贱居士 来看看有多不要脸,,,,,,,,,
379,4401346599659944,2019-08-03 23:31:05+08:00,3070906945,糖葫芦不酸吖,@大师不正经,,,,,,,,,
441,4400838422209750,2019-08-02 13:51:45+08:00,6591059493,元气燃烧卡路里,@森森核桃喵  游戏全网抵制真的运行的下去？？？,,,,,,,,,
442,4400833602980808,2019-08-02 13:32:37+08:00,2106512904,Chersan_,@陈消沉_,,,,,,,,,
456,4400767370611068,2019-08-02 09:09:25+08:00,2821339101,Vincent___威少,@如果告别-能不能再见 ,,,,,,,,,
461,4400649288530821,2019-08-02 01:20:13+08:00,5568129289,lucks00,@善良伊峙总司1994,,,,,,,,,
477,4399443472063926,2019-07-29 17:28:44+08:00,5494024081,vic豹,@阿千我是阿昭啊 谢谢老板[二哈],,,,,,,,,
494,4395673380112938,2019-07-19 07:47:44+08:00,7244535214,米卫兵没有马76320,米💂 没有🐴 尤其是@芒种Quarz,,,,,,,,,
495,4395670939521018,2019-07-19 07:38:02+08:00,7244535214,米卫兵没有马76320,害 我是真的服辣 米💂 属实可怕 偷图强行给自己找牌面  我玩过塞尔达传说黄昏公主直到野炊熬 我玩过鬼泣345熬 我玩过AC全系列熬 一张从复苏神庙刚出来的图这是玩过？一张毫无意义的鬼泣5截图 明眼人一看就是偷的图 我服辣@芒种Quarz,,,,,,,,,
511,4393958886685163,2019-07-14 14:14:56+08:00,6303805076,青春纪念12138,@happiNess車學沇資源博,,,,,,,,,
513,4393703931728034,2019-07-13 21:21:51+08:00,5508723797,_Drm丶梦想,啥时候出。@种草小妲己,,,,,,,,,
549,4389613856242490,2019-07-02 14:29:21+08:00,5542376338,神女控5542376338,@原神 期待安卓开测,,,,,,,,,
571,4388105526132239,2019-06-28 10:35:46+08:00,5586443278,善良温柔又纯洁的鹤叔叔,@我还不想长大 已经完全不要脸了,,,,,,,,,
581,4387818522059909,2019-06-27 15:35:20+08:00,3070100823,兵长死面瘫,@任天堂香港有限公司,,,,,,,,,
596,4387435704432584,2019-06-26 14:14:09+08:00,5087327598,卡卡西的白毛浮绿水,@任天堂香港有限公司,,,,,,,,,
620,4387156300480401,2019-06-25 19:43:53+08:00,5701857916,白雨幽花松间露,@bilibili菜鸡桌子 [doge],,,,,,,,,
642,4386930969586156,2019-06-25 04:48:31+08:00,2860185212,hoshif_星风,@艾梦诗同学,,,,,,,,,
654,4386772458629712,2019-06-24 18:18:39+08:00,1837149322,Sapphire_Dias_Phoenix,@任天堂香港有限公司 这家米哈游做的原神的美术风格及各种要素几乎抄袭贵公司的塞尔达，麻烦处理一下,,,,,,,,,
662,4386718981104715,2019-06-24 14:46:08+08:00,6409281433,啪la啪la芃,@大橙子行_天下 ,,,,,,,,,
672,4386659594055858,2019-06-24 10:50:10+08:00,2615810545,伊晗韵poi,[doge]观望中，失望归失望  奖还是要抽的，万一中了呢@撩人的胖大海,,,,,,,,,
680,4386519873435680,2019-06-24 01:34:57+08:00,7160170237,盐煮菠萝,@任天堂香港有限公司,,,,,,,,,
685,4386479634046171,2019-06-23 22:55:03+08:00,1864879731,有才Keith,@哥比巴黎欧莱雅更懂女孩,,,,,,,,,
686,4386466711351004,2019-06-23 22:03:42+08:00,6578307788,Pancras_Loe盧鵬州,腾讯爸爸不管？国区switch上线也没得赚了，最大ip天下第一塞尔达被抄袭了，还不用花一分钱就能玩，谁还买你ns啊？@腾讯WeGame @腾讯公司 @腾讯游戏 @腾讯电竞,,,,,,,,,
695,4386392165451613,2019-06-23 17:07:29+08:00,5532410254,万能小段JDuan,@萨塔妮亚 魔王来抽ps4[笑而不语],,,,,,,,,
698,4386388813822930,2019-06-23 16:54:10+08:00,1900135044,团成个大球,[doge]好想快点玩@_妹抖萝卜 ,,,,,,,,,
702,4386386255600662,2019-06-23 16:44:01+08:00,1066324192,斯蒂芬徐,@淡幽轻舞 ,,,,,,,,,
767,4386141438119719,2019-06-23 00:31:12+08:00,5405207986,小天使的翅膀硬了你来打我啊,@Evenplan  冲？,,,,,,,,,
768,4386135616323071,2019-06-23 00:08:04+08:00,5854425203,喵诗人nya,@任天堂香港有限公司,,,,,,,,,
770,4386126242376221,2019-06-22 23:30:49+08:00,1607465974,不瞎折腾不舒服斯基,@任天堂香港有限公司 这家公司无耻抄袭塞尔达，快来管管。不要让这种垃圾公司糟蹋任天堂的创意和产品,,,,,,,,,
772,4386125566731389,2019-06-22 23:28:08+08:00,5924857372,E1ectricChair,@知任CHS 进来对线！,,,,,,,,,
778,4386084052281864,2019-06-22 20:43:10+08:00,1949155520,willlee316,@酱油懒 了解一下,,,,,,,,,
779,4386079815914319,2019-06-22 20:26:20+08:00,2315835863,储物箱有猪,@任天堂香港有限公司  来寄律师函[doge],,,,,,,,,
790,4386043769884148,2019-06-22 18:03:06+08:00,2851767270,易超,@11和C,,,,,,,,,
860,4385957564129314,2019-06-22 12:20:33+08:00,3914447813,老老老老老那啊,你们是真不要脸了，哪怕改一改也行啊，复制粘贴不太好吧弟弟//@我再也不想写代码了 :你们真的不怕任天堂告吗……有些地方完全一模一样[疑问],,,,,,,,,
862,4385956234512540,2019-06-22 12:15:16+08:00,1731597137,_肉山小魔王-此号已废,@任天堂香港有限公司,,,,,,,,,
867,4385948869264531,2019-06-22 11:46:00+08:00,1661184511,黑瞳过年,@任天堂香港有限公司,,,,,,,,,
874,4385929252319236,2019-06-22 10:28:03+08:00,1627577250,什么时候长尾巴-,@任天堂香港有限公司,,,,,,,,,
896,4385911250737435,2019-06-22 09:16:31+08:00,1793940525,飯後失神P,@任天堂香港有限公司,,,,,,,,,
907,4385896591855370,2019-06-22 08:18:16+08:00,5656531103,Halooz,@Bursonnnn,,,,,,,,,
908,4385896126078325,2019-06-22 08:16:25+08:00,1855261471,王阿口Echo0O,@你这么没种怎么做我的二当家,,,,,,,,,
909,4385888702109906,2019-06-22 07:46:55+08:00,5239461293,眼科学员,@任天堂香港有限公司,,,,,,,,,
921,4385827817762916,2019-06-22 03:44:59+08:00,5335799202,DEANSZH,@任天堂香港有限公司 [嘻嘻],,,,,,,,,
924,4385807329080399,2019-06-22 02:23:33+08:00,2391372684,iiiaao,@任天堂香港有限公司,,,,,,,,,
934,4385782846519204,2019-06-22 00:46:17+08:00,5338469576,一及万亿,@YYJturbo,,,,,,,,,
940,4385771324474590,2019-06-22 00:00:30+08:00,2156602244,Lu5h1ife,@_西霖,,,,,,,,,
1011,4385698943304910,2019-06-21 19:12:53+08:00,5309324584,铜仁铝精神状况观测中心分院,@任天堂香港有限公司,,,,,,,,,
1013,4385697429251054,2019-06-21 19:06:52+08:00,2479152467,康Connoronnoc,@任天堂香港有限公司 阿港，法务部该上班了,,,,,,,,,
1028,4385682329761813,2019-06-21 18:06:51+08:00,1995795917,喵了个咪喵喵喵喵,@任天堂香港有限公司,,,,,,,,,
1030,4385681230613693,2019-06-21 18:02:30+08:00,2262684674,铁胆高铁侠,@圣诞节73362 塞尔达续作,,,,,,,,,
1033,4385676005016740,2019-06-21 17:41:44+08:00,2235774794,-YanHal-,@叶靖先生 来品品这个国产原创塞尔达,,,,,,,,,
1036,4385674075269285,2019-06-21 17:34:04+08:00,2707562305,NNightRaven,@任天堂香港有限公司,,,,,,,,,
1037,4385674054256709,2019-06-21 17:33:59+08:00,5420587870,矬謉_Jason,@任天堂香港有限公司,,,,,,,,,
1038,4385673928853039,2019-06-21 17:33:29+08:00,5173016313,踏海行者,@任天堂香港有限公司 ,,,,,,,,,
1040,4385673035692306,2019-06-21 17:29:56+08:00,1372546613,林克没有时间,@或许命运的签x 看看可怜的塞尔达被抄袭了,,,,,,,,,
1045,4385670963704813,2019-06-21 17:21:41+08:00,5997298524,想和小羊去吹风,我转了@阿斐今天欧气了吗 ,,,,,,,,,
1046,4385670434893738,2019-06-21 17:19:36+08:00,2937650757,五年高考三年模拟江浙沪分销,@任天堂香港有限公司 有点像哦[doge],,,,,,,,,
1050,4385666576421987,2019-06-21 17:04:16+08:00,2917442563,假行僧may,@fubukiqueen 之前蹦蹦蹦 就是完全白金的战斗系统，这次竟然敢挑战任天堂最强法务部，膨胀了啊[笑cry],,,,,,,,,
1051,4385666277908142,2019-06-21 17:03:05+08:00,2338622170,為愛麗絲塗油,@任天堂香港有限公司,,,,,,,,,
1057,4385663187160189,2019-06-21 16:50:48+08:00,5843599706,西伯利亚著名猪头,@任天堂香港有限公司,,,,,,,,,
1068,4385658527030152,2019-06-21 16:32:16+08:00,1843423650,喵咪北胞,@墨菲的面包与猫,,,,,,,,,
1076,4385651530895294,2019-06-21 16:04:29+08:00,5219947325,moyorl,@任天堂香港有限公司 @任天堂switch情报小站 @GAMKER攻壳,,,,,,,,,
1077,4385651392456072,2019-06-21 16:03:55+08:00,5219947325,moyorl,@NS新闻速报,,,,,,,,,
1083,4385648129141273,2019-06-21 15:50:57+08:00,1902813365,野鸭子与香烟,看出来什么了吗@上官牛腩粉,,,,,,,,,
1090,4385642094454419,2019-06-21 15:26:58+08:00,5699762835,我永远喜欢天女目瑛,什么时候登录switch？@任天堂香港有限公司  别开发了，正统续作出来了[doge],,,,,,,,,
1092,4385641225392063,2019-06-21 15:23:31+08:00,5699762835,我永远喜欢天女目瑛,@任天堂香港有限公司,,,,,,,,,
1094,4385640030396654,2019-06-21 15:18:47+08:00,6503837129,登总的猫要叫仙贝,抽什么ps4嘛 抽个ns+旷野之息多好[嘻嘻]@周老师唯一指定课代表 出来骂街,,,,,,,,,
1097,4385638448723337,2019-06-21 15:12:29+08:00,1827378380,里几,@你睿大王 ？？？,,,,,,,,,
1110,4385613962769206,2019-06-21 13:35:12+08:00,5332487649,bgo天下第一,@任天堂香港有限公司 你们管不管,,,,,,,,,
1112,4385612365193388,2019-06-21 13:28:51+08:00,5173016313,踏海行者,@任天堂香港有限公司,,,,,,,,,
1120,4385599811145213,2019-06-21 12:38:57+08:00,3981330064,起风了alive,@菠萝Serpent @子木丶 @萤_137 万一中了呢,,,,,,,,,
1125,4385579024393882,2019-06-21 11:16:22+08:00,6401613568,Terry_1231,塞尔达续集@米哈游,,,,,,,,,
1129,4385378943012946,2019-06-20 22:01:18+08:00,5488909350,立志和老番茄成为校友,@坚信会在UCR实现梦想 明天就可以玩到了！期待！,,,,,,,,,
1130,4385345526835497,2019-06-20 19:48:32+08:00,5760645810,不知52010,@原神,,,,,,,,,
1139,4384309676961753,2019-06-17 23:12:25+08:00,2208067411,GanChongren,@原神 @官方，我真是小机灵鬼[笑而不语],,,,,,,,,
1141,4384249878341136,2019-06-17 19:14:48+08:00,2828679290,酒一烟和我不搭,@广东发布,,,,,,,,,
1145,4383967727520663,2019-06-17 00:33:39+08:00,2752752855,兔喵酱的幻想,@原神 @五河小海 快看看,,,,,,,,,
1146,4383959943195608,2019-06-17 00:02:43+08:00,6047791734,颜霞-旅游体验师,@链英会一哥 转发得奖,,,,,,,,,
1147,4383940619570726,2019-06-16 22:45:55+08:00,5303236318,胡莱的右手,@原神 @毅-MinSod ,,,,,,,,,
1149,4383836336836931,2019-06-16 15:51:33+08:00,3810425595,风一样的小阿呆,@原神 我也想要激活码呜呜呜,,,,,,,,,
1151,4383821372275157,2019-06-16 14:52:05+08:00,6579325413,琥珀h7p9,@原神 嘤嘤嘤想要测试资格[可怜][可怜],,,,,,,,,
1156,4383597924365014,2019-06-16 00:04:10+08:00,2733446912,i唐唐唐唐唐唐,@nnniewenn 求给个资格就行了 我不贪心,,,,,,,,,
1158,4383568560265804,2019-06-15 22:07:29+08:00,2294370123,叫某人丶,@孤君傲帝 冲呀,,,,,,,,,
1159,4383514944219805,2019-06-15 18:34:27+08:00,5458555893,Helo青蛙斗舞,@心意 中中中中,,,,,,,,,
1161,4383427010464443,2019-06-15 12:45:02+08:00,6055641995,炯炯有神的盲果,@咂咂咂嘿嘿 我想要原神啊,,,,,,,,,
1162,4383426917985560,2019-06-15 12:44:39+08:00,5092341763,Dear南笙姑娘,@安琪儿的木马转呀转 ,,,,,,,,,
1170,4383414863939915,2019-06-15 11:56:45+08:00,5999834389,勿念无餍,@斯祥丶  ,,,,,,,,,
1171,4383414180825262,2019-06-15 11:54:03+08:00,6327195968,jdjdj6327195968,@原神 想要,,,,,,,,,
1172,4383414029622498,2019-06-15 11:53:27+08:00,7028398498,病娇毒舌狂三酱02806,许个愿望吧 　　　∩∩ 　　（´･ω･） 　 ＿|　⊃／(＿＿_ 　／ └-(＿＿＿_／  算了反正也抽不到我 　　 ⊂⌒／ヽ-、＿_ 　／⊂_/＿＿＿＿ ／ 　￣￣￣￣￣￣ 万一抽到我了呢 　　　∩∩ 　　（´･ω･） 　 ＿|　⊃／(＿＿_ 　／ └-(＿＿＿_／ 　￣￣￣￣￣￣ @崩坏3,,,,,,,,,
1174,4383410191388356,2019-06-15 11:38:12+08:00,5045817683,花丶若酔,嘛耶@灯九九九九,,,,,,,,,
1175,4383409755064727,2019-06-15 11:36:28+08:00,5947246944,鹿王鹿,@京东电脑数码,,,,,,,,,
1176,4383408564211118,2019-06-15 11:31:43+08:00,2112916797,M一颗洋葱,#原神# 安卓手机在心疼@难道我的微博名不够长咩 ,,,,,,,,,
1178,4383400238470770,2019-06-15 10:58:39+08:00,1932455594,工口大灰,@失踪的雷达 ,,,,,,,,,
1179,4383398547957095,2019-06-15 10:51:55+08:00,5522039223,R丶尺子,@这就很二次元 没有什么能够阻挡，我对原神的向往～,,,,,,,,,
1180,4383396207489789,2019-06-15 10:42:38+08:00,2092554910,MelancholyZmon,@绝对四维少女 中了我可以换激活码吗？,,,,,,,,,
1182,4383392864852751,2019-06-15 10:29:20+08:00,2705110607,Oooooooooooops,[跪了][跪了][跪了]@大菌同学 ,,,,,,,,,
1184,4383385411472908,2019-06-15 09:59:44+08:00,7195318358,宫保鸡丁517,@凤舞198008  孩他妈 来打游戏,,,,,,,,,
1185,4383383180397753,2019-06-15 09:50:51+08:00,3201786055,三山四海兔江湖,@小吖嘛小锦鲤 ,,,,,,,,,
1186,4383379216634127,2019-06-15 09:35:07+08:00,5259301700,随便的网名_,@百度知道日报 米哈游新作《原神》放出了新预告,,,,,,,,,
1187,4383379166206670,2019-06-15 09:34:54+08:00,5259301700,随便的网名_,@百度知道日报,,,,,,,,,
1188,4383378645954391,2019-06-15 09:32:51+08:00,5259301700,随便的网名_,@微博图片现场,,,,,,,,,
1189,4383374787066826,2019-06-15 09:17:30+08:00,5259301700,随便的网名_,@百度知道日报 抽奖啊。。。,,,,,,,,,
1190,4383374195864960,2019-06-15 09:15:09+08:00,5279691376,政泪,想要却不得@哔哩哔哩娘 ,,,,,,,,,
1191,4383369741460968,2019-06-15 08:57:28+08:00,2515912765,赶快叫我起床吧,@佐罗扣篮 ,,,,,,,,,
1194,4383362732736264,2019-06-15 08:29:36+08:00,3021492951,_芊芊芝莉_,@MoMo若开 ,,,,,,,,,
1195,4383346689549676,2019-06-15 07:25:52+08:00,2247501645,__雪儿_,@简单的做个二货 ,,,,,,,,,
1196,4383346127783720,2019-06-15 07:23:37+08:00,2341485013,一颗水泡饼饼,@CMiggie ,,,,,,,,,
1197,4383341895495063,2019-06-15 07:06:49+08:00,1276814372,sid456838,蹭游戏机！@围脖小生 ,,,,,,,,,
1198,4383341488768342,2019-06-15 07:05:12+08:00,1668331584,胡吃海喝的胖伙计,我有都落灰了@Harlehn ,,,,,,,,,
1199,4383337378107699,2019-06-15 06:48:52+08:00,1759553351,此人核无趣,@伍俊鹏daniel  [doge]ps4,,,,,,,,,
1200,4383281463938415,2019-06-15 03:06:41+08:00,5611791018,花果要早睡早起,日常转发@吞进一颗葡萄籽 ,,,,,,,,,
1201,4383272497274657,2019-06-15 02:31:03+08:00,5867546260,伊东酱,@涂鸦酱dy,,,,,,,,,
1202,4383250094891331,2019-06-15 01:02:02+08:00,6280597202,夜浊无归路tt,@大啊哒哒哒大黄  [doge],,,,,,,,,
1203,4383247402693364,2019-06-15 00:51:20+08:00,5733820438,叁漆贰拾一,@酸萝卜必吃,,,,,,,,,
1204,4383231317514171,2019-06-14 23:47:25+08:00,6859114011,香菜跑了,@钮茗茵漆雕 ,,,,,,,,,
1205,4383225666947363,2019-06-14 23:24:57+08:00,5264335436,忧鱼与熊掌,@襟上花r ,,,,,,,,,
1207,4383215982951327,2019-06-14 22:46:28+08:00,2557394535,樱木仙道13_Phoenix,复杂了@后起之秀911 ,,,,,,,,,
1208,4383211209465677,2019-06-14 22:27:30+08:00,5613256114,咖喱是阿三,@你的衬衫是不是租出去了呢zdy77 ,,,,,,,,,
1209,4383208843995040,2019-06-14 22:18:06+08:00,6516019462,职嘛开花节节高,@疯疯语 ,,,,,,,,,
1210,4383208235477729,2019-06-14 22:15:42+08:00,6534512727,大美丽的小锦鲤,@星海岸环球旅拍 ,,,,,,,,,
1212,4383198840377805,2019-06-14 21:38:21+08:00,2130826290,胡同酱肉,@游侠网@天天都爱吃西瓜 改2台了，中奖率提高百分之一百,,,,,,,,,
1213,4383197796466337,2019-06-14 21:34:12+08:00,6556967030,乖乖宝宝一枚,@喵喵很困呀 ,,,,,,,,,
1214,4383195866510149,2019-06-14 21:26:33+08:00,7011383214,佐佐木了啊,@海尔定制 ,,,,,,,,,
1215,4383195799534772,2019-06-14 21:26:16+08:00,7011383214,佐佐木了啊,@阿狸 ,,,,,,,,,
1217,4383179538096260,2019-06-14 20:21:40+08:00,5652843594,Yinyangshi66,@黑色卍守望19824,,,,,,,,,
1218,4383177428954697,2019-06-14 20:13:17+08:00,5341759105,辰魂112,@有个男孩叫皓轩呀 [二哈][二哈][二哈]中吧,,,,,,,,,
1220,4383158147129099,2019-06-14 18:56:40+08:00,1815074877,乌林乌森,@_两号_ PS4！！突突突！！,,,,,,,,,
1221,4383150026873086,2019-06-14 18:24:23+08:00,2583563465,没茶的小茶壶,@没肉的小肉包 感觉挺好玩的哟,,,,,,,,,
1222,4383148001353620,2019-06-14 18:16:21+08:00,5553786957,DdeJaVuuuuuuuuu,@Aya_S ,,,,,,,,,
1223,4383144838940071,2019-06-14 18:03:47+08:00,5995499068,晴玖玥,@半半子_ 冲,,,,,,,,,
1227,4383122844325082,2019-06-14 16:36:22+08:00,5572676154,风吟剑磬,@王山而木木木 求中奖,,,,,,,,,
1228,4383120775937808,2019-06-14 16:28:10+08:00,3184488522,幻有梦现_,我不要奖品，给个码就行啊@胖虎0601 ,,,,,,,,,
1230,4383120222117872,2019-06-14 16:25:58+08:00,6935291768,春风拂面夜色正浓,周五 @米歇尔Impreza  毅然领奖[作揖],,,,,,,,,
1231,4383117211185511,2019-06-14 16:13:59+08:00,2472045083,维尔cheers,@星之迟迟 随便艾特一个,,,,,,,,,
1232,4383112563506237,2019-06-14 15:55:32+08:00,1717878977,OK小团长-,[太开心][太开心][太开心]@老黄仁儿 ,,,,,,,,,
1233,4383112492433278,2019-06-14 15:55:14+08:00,1717878977,OK小团长-,[太开心][太开心]抽我@憨憨是个吃货 ,,,,,,,,,
1234,4383111116856882,2019-06-14 15:49:47+08:00,6777944479,湖工软件工程1802班团支部,@欢眠 爱死,,,,,,,,,
1236,4383096297987979,2019-06-14 14:50:54+08:00,6649375452,some丶mo,@原神 期待,,,,,,,,,
1238,4383090619012150,2019-06-14 14:28:20+08:00,3029287722,我想中一次奖,@我想要二哈 ps4！,,,,,,,,,
1239,4383085795509573,2019-06-14 14:09:10+08:00,6449314474,十香Princess2018,//@糖醋SAO排骨:,,,,,,,,,
1240,4383084055073813,2019-06-14 14:02:14+08:00,5566369090,超级男孩Hero,@大亨 ,,,,,,,,,
1241,4383083832392186,2019-06-14 14:01:22+08:00,1846562042,社畜寻酱,@终日幻想 害,,,,,,,,,
1243,4383079722275282,2019-06-14 13:45:02+08:00,6199880450,道枝一树,@斋藤飛行 安利！,,,,,,,,,
1250,4383069887005455,2019-06-14 13:05:57+08:00,5846480090,小小嘿-,[酸]@椿雪-flory,,,,,,,,,
1251,4383068821183057,2019-06-14 13:01:42+08:00,1810696247,Ghost-sky,你不中我中呀 嘻嘻 @铃酱INIIND,,,,,,,,,
1252,4383068532442949,2019-06-14 13:00:34+08:00,7193314317,Unforgiveable70756,miHoYo全新力作啊 支持支持😁 @KianaKaslana58529  从崩崩崩2.6就开始支持miHoYo了呢 祝愿米哈游越来越好(✪▽✪),,,,,,,,,
1253,4383067756515710,2019-06-14 12:57:29+08:00,7193323484,KianaKaslana58529,@Unforgiveable70756  miHoYo全新力作啊 支持支持[鼓掌],,,,,,,,,
1254,4383064979761962,2019-06-14 12:46:27+08:00,6971985204,世界任务完成了吗,@Chico安小囧 [doge]cos新方向,,,,,,,,,
1255,4383063335389745,2019-06-14 12:39:55+08:00,6960543838,小宝宝无敌了,@聚美优品福利君 ,,,,,,,,,
1256,4383063142026230,2019-06-14 12:39:09+08:00,1635476621,我真的是一只小恐龙啊,@熊本科技 ,,,,,,,,,
1257,4383062915450446,2019-06-14 12:38:14+08:00,6072189504,BiBYAk,@聚美优品福利君 ,,,,,,,,,
1258,4383062844221266,2019-06-14 12:37:58+08:00,3476971703,诹访神子,汗……看错日期我还以为已经抽了呢@黒羽燐音 ,,,,,,,,,
1259,4383060625596558,2019-06-14 12:29:09+08:00,6341734721,天都幽兰,在转发一下@RDQAQ,,,,,,,,,
1260,4383059581044564,2019-06-14 12:25:00+08:00,5264335436,忧鱼与熊掌,@襟上花r 琪亚娜 http://t.cn/AiNhbK5k,,,,,,,,,
1261,4383058641685478,2019-06-14 12:21:16+08:00,1900135044,团成个大球,要不要试一试运气呀@_妹抖萝卜 ,,,,,,,,,
1262,4383058079636612,2019-06-14 12:19:01+08:00,2716276933,被簇拥着的寂寞,@火箭少女101_赖美云   原神来了,,,,,,,,,
1263,4383057060310140,2019-06-14 12:14:59+08:00,1815131740,龍丶殇冰,@testlongyuan ,,,,,,,,,
1264,4383056188186766,2019-06-14 12:11:31+08:00,7094764657,北凉道白衣,@原神 。,,,,,,,,,
1265,4383055978384438,2019-06-14 12:10:40+08:00,5475050116,XieScorpio,@不要问我为什么在这里名字这么长  手机游戏，转一个抽奖哦。,,,,,,,,,
1266,4383052895416463,2019-06-14 11:58:25+08:00,3691326194,芙芙kira,@爱吃巴沙鱼的BSY 现在才看到 马上开奖了[二哈],,,,,,,,,
1276,4383042778513800,2019-06-14 11:18:13+08:00,7110322444,双山之后花园,@甜美冰凌酱酱 @最新锦鲤 ,,,,,,,,,
1278,4383041356866010,2019-06-14 11:12:34+08:00,5446701248,神33040,许愿内测资格~！求中奖@新浪娱乐 @原神,,,,,,,,,
1280,4383025720204701,2019-06-14 10:10:27+08:00,7004477120,F秋天的秋田犬,@扶贫大佬 不知道会不会中奖！,,,,,,,,,
1283,4383005546112752,2019-06-14 08:50:16+08:00,7144892619,八瓜015,@头顶胖次的菲酱 想玩QwQ,,,,,,,,,
1284,4382910213490204,2019-06-14 02:31:27+08:00,5843616216,柒夏醉梦尘,@JackHZQ (*￣rǒ￣),,,,,,,,,
1286,4382881285681945,2019-06-14 00:36:31+08:00,3694733341,Phan晓鸦,@ASTRO72261 差点漏了一个,,,,,,,,,
1288,4382876890481793,2019-06-14 00:19:03+08:00,6173722906,看大猫喵喵喵,@似幻梦_Dream 我中了就 emmmm中了就emmm嗯٩(•̤̀ᵕ•̤́๑),,,,,,,,,
1290,4382873572108239,2019-06-14 00:05:51+08:00,2288148724,给大佬递冰阔落,@Edccqqq 米卫兵！出动！,,,,,,,,,
1291,4382853720400721,2019-06-13 22:46:59+08:00,6415997448,老年人刚通网,@Ego_TDC24,,,,,,,,,
1297,4382804965647476,2019-06-13 19:33:15+08:00,5340921871,冷眸---Sou,@Lee丶yb,,,,,,,,,
1298,4382789727848059,2019-06-13 18:32:42+08:00,5671412375,墨蓝TF,[馋嘴][馋嘴][馋嘴][馋嘴]@珈百璃大人,,,,,,,,,
1299,4382788360499889,2019-06-13 18:27:16+08:00,5671412375,墨蓝TF,[馋嘴]@想中一次奖555  抽中就玩，不为别的，为了米哈游,,,,,,,,,
1300,4382784862418486,2019-06-13 18:13:22+08:00,5170887906,KIAAAAAAAA,@满怀希望的信仰  还有一个,,,,,,,,,
1301,4382756525708081,2019-06-13 16:20:45+08:00,3830807913,o唯爱V,@bilibiliyoo贩卖姬 66666,,,,,,,,,
1302,4382754659477567,2019-06-13 16:13:21+08:00,6022645651,默默路过的蓬蒿人,@妩媚小奈,,,,,,,,,
1305,4382732404695479,2019-06-13 14:44:55+08:00,2136166244,九处,@青山微恙 ,,,,,,,,,
1310,4382705833332068,2019-06-13 12:59:20+08:00,6206132648,lovepeacemusic1314,@奔奔是个小毛球 ,,,,,,,,,
1311,4382704315321928,2019-06-13 12:53:18+08:00,1917479163,安澈c,抽我选我@跌跌撞撞才明白了许多1226 ,,,,,,,,,
1312,4382699894544302,2019-06-13 12:35:43+08:00,2270186244,错过你笑,@泻药人在火星刚下飞船 ,,,,,,,,,
1313,4382697541297922,2019-06-13 12:26:22+08:00,1789618461,__CICC__,@欢欢是个小狮子 ,,,,,,,,,
1315,4382689517813059,2019-06-13 11:54:29+08:00,2158238485,Ray_约定湘南,@Ray_YiLong冲鸭 蹲,,,,,,,,,
1316,4382684485028194,2019-06-13 11:34:29+08:00,5192996475,火耀天穹,想拥有@圣基团团长Saber ,,,,,,,,,
1317,4382683214040589,2019-06-13 11:29:27+08:00,6126631067,终极鱿鱼香蕉牛奶象拔蚌,@任天堂香港有限公司 ,,,,,,,,,
1318,4382674355236355,2019-06-13 10:54:15+08:00,1695757775,喵和仓鼠是一家,@我是你晗大大,,,,,,,,,
1319,4382669997566164,2019-06-13 10:36:55+08:00,1987653293,17173轩辕,这游戏画面不错，看视频操作感也应该不差，可以关注下。@范小shuai,,,,,,,,,
1320,4382665324849516,2019-06-13 10:18:22+08:00,2508583153,NESTSIGNIZ,@zASVA ,,,,,,,,,
1321,4382658286950940,2019-06-13 09:50:23+08:00,6571077798,三千路云月73629,@笑成沙雕了,,,,,,,,,
1322,4382656328547536,2019-06-13 09:42:37+08:00,3481952271,来自B站的金克丝,我来看看与塞尔达有什么区别@游戏圈逗比君 ,,,,,,,,,
1323,4382644454005942,2019-06-13 08:55:25+08:00,1198161997,Antares1906,@苻悠 为了ps4[doge],,,,,,,,,
1325,4382628998658687,2019-06-13 07:54:01+08:00,6912787337,tangjiahua26344,@崩坏三 ，awsl,,,,,,,,,
1326,4382627215402707,2019-06-13 07:46:56+08:00,3454357502,钥匙会落地,@AcFun弹幕视频网 lei了 lei了,,,,,,,,,
1327,4382626267698719,2019-06-13 07:43:10+08:00,7011383214,佐佐木了啊,@飞碟说 ,,,,,,,,,
1328,4382625558947971,2019-06-13 07:40:21+08:00,7153535344,中了大家发,666@原神,,,,,,,,,
1329,4382624807948956,2019-06-13 07:37:22+08:00,6072189504,BiBYAk,@安兔兔 ,,,,,,,,,
1330,4382624216563648,2019-06-13 07:35:00+08:00,6960543838,小宝宝无敌了,@原神 ,,,,,,,,,
1331,4382623625074267,2019-06-13 07:32:40+08:00,1635476621,我真的是一只小恐龙啊,@安兔兔 ,,,,,,,,,
1332,4382623432153864,2019-06-13 07:31:53+08:00,2648631657,禹声魅夜,@我真的是一只小恐龙啊 ,,,,,,,,,
1333,4382622031090726,2019-06-13 07:26:20+08:00,2005222473,猪啊豪,@就是个少女 ,,,,,,,,,
1334,4382620584197865,2019-06-13 07:20:35+08:00,6286023925,有栖川橙子,@原神 ,,,,,,,,,
1335,4382583989112066,2019-06-13 04:55:09+08:00,3174733554,SvS小雨10032,@Preshime  快看，是ps4,,,,,,,,,
1336,4382580356456396,2019-06-13 04:40:44+08:00,2950164140,不要再吃糖了啊_,@东东不在 抽奖还是要的[嘻嘻],,,,,,,,,
1337,4382577454101439,2019-06-13 04:29:12+08:00,5745516983,N1ve,希望遇见原神@原神 ,,,,,,,,,
1338,4382569602315993,2019-06-13 03:58:00+08:00,5918534292,阿尔法雨果,@一枚搞机的原子弹 来玩啊 ,,,,,,,,,
1340,4382523381856989,2019-06-13 00:54:19+08:00,3018654483,复方晚公子,@步月来兮缓缓归 加倍概率。,,,,,,,,,
1341,4382518075670282,2019-06-13 00:33:15+08:00,5385335843,掰筷子,此刻正是，中奖之时！@不会冻 ,,,,,,,,,
1342,4382494360901944,2019-06-12 22:59:00+08:00,6306625467,鸩约QwQ,嘛，我只是想说期待……[太开心]@原神 ,,,,,,,,,
1345,4382481551495922,2019-06-12 22:08:06+08:00,1776085693,chelly丶,@最蟀大脸猫a ,,,,,,,,,
1346,4382455517717158,2019-06-12 20:24:40+08:00,6280905801,QQ08097,@新华视点 求欧！！！！！！,,,,,,,,,
1347,4382451167774935,2019-06-12 20:07:23+08:00,2089733371,Popure_,@Yukkuri_ 原神（-HYZX-）,,,,,,,,,
1348,4382444675080211,2019-06-12 19:41:35+08:00,6730411737,狭缝中的光芒,@原神 期待期待(๑˙ー˙๑)@胡图图糊涂不芔圖 ,,,,,,,,,
1349,4382444004050953,2019-06-12 19:38:55+08:00,6730411737,狭缝中的光芒,@崩坏3,,,,,,,,,
1350,4382438254238801,2019-06-12 19:16:03+08:00,5458967366,穿刺术,@AcFun弹幕视频网,,,,,,,,,
1353,4382411523272920,2019-06-12 17:29:51+08:00,6450491054,我不是你的可爱吗,@猪蹄爱搓泥,,,,,,,,,
1354,4382406809601134,2019-06-12 17:11:07+08:00,5465492393,即将燃尽的红莲,@小小小饿鱼 只想要测试资格,,,,,,,,,
1357,4382390660812111,2019-06-12 16:06:57+08:00,2423705720,Beloved_Blood,@叮当凤儿槑又槑 能给个测试的机会吗,,,,,,,,,
1359,4382371749509272,2019-06-12 14:51:47+08:00,5995690498,孤剑丶kkk,@逆水寒 中中中！,,,,,,,,,
1360,4382371162223892,2019-06-12 14:49:27+08:00,5995690498,孤剑丶kkk,@帝烨大大 中中中！！！！！！,,,,,,,,,
1363,4382353981601699,2019-06-12 13:41:11+08:00,2340522332,Lemon-小猴子,@咆哮之星 [二哈],,,,,,,,,
1365,4382343424861780,2019-06-12 12:59:15+08:00,1739302677,進擊的暖寶寶-T_T,@和_哥Gor ,,,,,,,,,
1368,4382329856426720,2019-06-12 12:05:20+08:00,5600255013,poi的提督,@戰五渣的BIBIA =W=rua~！,,,,,,,,,
1370,4382315541541153,2019-06-12 11:08:27+08:00,2491353941,Dark逆,万一中了呢@花小泉杏_ ,,,,,,,,,
1377,4382306141216707,2019-06-12 10:31:06+08:00,1991023003,向着太阳奔跑吧,这游戏有单机版吗？或者可以不联网组队自己玩@赵家的山河,,,,,,,,,
1379,4382301146297257,2019-06-12 10:11:15+08:00,5728212270,林林林有雪,@21世纪的大文豪 中奖绝缘体[允悲][泪],,,,,,,,,
1382,4382298885461357,2019-06-12 10:02:16+08:00,5815262099,容我时醒时醉,@老夫和千秋永远在一起 ,,,,,,,,,
1384,4382293089354265,2019-06-12 09:39:14+08:00,6578844396,itharius-,@任天堂香港有限公司,,,,,,,,,
1389,4382281974531357,2019-06-12 08:55:04+08:00,2851767270,易超,来围观抄袭塞尔达的游戏@11和C,,,,,,,,,
1392,4382279051065843,2019-06-12 08:43:26+08:00,2007115431,DaftStone,@msn之魂 安排,,,,,,,,,
1396,4382271433984640,2019-06-12 08:13:10+08:00,3602716454,让世界变得更热闹吧,@Makthing ,,,,,,,,,
1399,4382193041871120,2019-06-12 03:01:40+08:00,6369708097,满岛黑黑黑,@哪里都假装不正经 ,,,,,,,,,
1400,4382190084870958,2019-06-12 02:49:55+08:00,5662424411,二十三年雨,@清泉缓缓枫流丹 ,,,,,,,,,
1411,4382154358180215,2019-06-12 00:27:57+08:00,1861950782,打游戏的小李,@Saiya-jin 来呀,,,,,,,,,
1412,4382150999091425,2019-06-12 00:14:37+08:00,1973147427,注销990011232,原神！@表里不是熊 @懒癌晚期重病者,,,,,,,,,
1414,4382139182890433,2019-06-11 23:27:39+08:00,5683345867,二三六猫眼,@欧不起来iAi 你这id不吉利啊！,,,,,,,,,
1418,4382090839463454,2019-06-11 20:15:33+08:00,2482877025,昊哥昊哥耗,真实//@花盆栽柳树谁也拦不住:国内厂商总以为玩家是傻子，东抄抄西抄抄就能出来骗钱[微笑]然而事实是，国内很大一部分玩家确实是傻子[可爱],,,,,,,,,
1420,4382070988182406,2019-06-11 18:56:40+08:00,6208232771,别说了蚌埠住了,@原神 [doge][doge],,,,,,,,,
1421,4382064771894008,2019-06-11 18:31:59+08:00,2559684645,多啦Li萌,@爱吃紫薯的背心儿 ,,,,,,,,,
1424,4382052079908101,2019-06-11 17:41:33+08:00,5575456278,人群中的小黑,@崩坏3,,,,,,,,,
1425,4382044790741774,2019-06-11 17:12:35+08:00,6212572271,报于桃花,@不愿透露姓名的photographer ,,,,,,,,,
1427,4382035893864399,2019-06-11 16:37:13+08:00,3046399192,Centity,@-Miserable-,,,,,,,,,
1432,4382018215387652,2019-06-11 15:26:58+08:00,1685316105,昨天炖的鱼,@阿崇T 拉低中奖率,,,,,,,,,
1465,4382003786816490,2019-06-11 14:29:39+08:00,2796207394,不抽烟CHIRS,#原神# ▶序章PV：捕风的异乡人◀ 维系者正在死去，创造者尚未到来。 但世界不会再度灼烧，因为你将登上「神」之座。  #转发抽奖#关注@原神 并转发@ 一位好友，我们将通过@微博抽奖平台 送出以下奖品：         ※一等奖： PS4 Pro （2名）         ※二等奖： http://t.cn/AiCLxa7X@kevenhu   中中中,,,,,,,,,
1466,4382000997651097,2019-06-11 14:18:33+08:00,5763577478,Mona-忬嵐,幸好有这样设备@曲奇饼干耶 ,,,,,,,,,
1469,4381999336434864,2019-06-11 14:11:57+08:00,6830365241,凄凄惨惨戚戚年年朝朝暮暮,@ZiYuZhuooo 转发微博,,,,,,,,,
1470,4381998879562227,2019-06-11 14:10:09+08:00,6830248262,让我无法抗拒的一次旅行,@小小捌陆後 转发微博,,,,,,,,,
1471,4381998590307089,2019-06-11 14:08:59+08:00,1878886123,他他达拉菲草莓味冰激凌凌凌凌,@小小钢马甲 转发微博,,,,,,,,,
1472,4381998367627030,2019-06-11 14:08:06+08:00,6857354725,一班萌萌哒嘴嘟嘟的幼崽,@小小钢马甲 注册发,,,,,,,,,
1476,4381994248891319,2019-06-11 13:51:45+08:00,5777530068,赠与你的山茶花,@18制药守护爱心李双节,,,,,,,,,
1478,4381982819163615,2019-06-11 13:06:20+08:00,6068038674,局外者动力羊,@纯_简_拉基_茨德 拉低中奖率,,,,,,,,,
1479,4381974652962763,2019-06-11 12:33:53+08:00,5880468958,你咋这么你为啥,@仙剑-后会有七 ,,,,,,,,,
1481,4381958819802454,2019-06-11 11:30:58+08:00,2525661924,芬forLOVE,其实我是为了测试资格.......嗯，是的[馋嘴]@I雷大妈I ,,,,,,,,,
1482,4381958006597539,2019-06-11 11:27:43+08:00,5611791018,花果要早睡早起,今天也要痴心妄想的转发@金瑶you ,,,,,,,,,
1484,4381948959301533,2019-06-11 10:51:46+08:00,3191193944,啊烽烽烽,@原神 @付万点 ,,,,,,,,,
1487,4381943846292412,2019-06-11 10:31:27+08:00,3198800621,就是把不爱吃鱼,让我也做一波抽奖狗[嘻嘻]@仙人掌没有糖 ,,,,,,,,,
1488,4381943820635141,2019-06-11 10:31:21+08:00,5692971299,白米饭叔叔,#转发抽奖# @原神 @DeicideFly 求中奖。,,,,,,,,,
1489,4381941841184707,2019-06-11 10:23:29+08:00,6402624761,诶原来是你喔,@Shiro万虫虫 拉低拉低拉低,,,,,,,,,
1490,4381941187316292,2019-06-11 10:20:54+08:00,6402624761,诶原来是你喔,@Kohzee 拉低中奖率拉低中奖率拉低中奖率求求你们抽中我吧qaq,,,,,,,,,
1491,4381937617918580,2019-06-11 10:06:42+08:00,6460561161,我什么时候能遇到心软的财神爷,@为了能当锦鲤 @佛系锦鲤汪_Diamond @AllureLove锦鲤 ,,,,,,,,,
1493,4381932055624477,2019-06-11 09:44:37+08:00,1635476621,我真的是一只小恐龙啊,@爱改名的狸酱,,,,,,,,,
1494,4381932026538861,2019-06-11 09:44:30+08:00,1635476621,我真的是一只小恐龙啊,@爱拆快递的熊姐 666,,,,,,,,,
1495,4381932005516285,2019-06-11 09:44:24+08:00,1635476621,我真的是一只小恐龙啊,@禹声魅夜 ,,,,,,,,,
1496,4381931610938338,2019-06-11 09:42:51+08:00,6960543838,小宝宝无敌了,@毛小星Ryan 888,,,,,,,,,
1497,4381931599188077,2019-06-11 09:42:47+08:00,6960543838,小宝宝无敌了,@毛小星Ryan,,,,,,,,,
1498,4381931082499251,2019-06-11 09:40:45+08:00,6072189504,BiBYAk,@吃不胖的小5 ,,,,,,,,,
1499,4381931040893022,2019-06-11 09:40:34+08:00,6072189504,BiBYAk,@禹声魅夜 ,,,,,,,,,
1500,4381930377855074,2019-06-11 09:37:56+08:00,2648631657,禹声魅夜,@樱花社官博 ,,,,,,,,,
1501,4381930353171790,2019-06-11 09:37:51+08:00,2648631657,禹声魅夜,@英伟达游戏 ,,,,,,,,,
1503,4381917098895030,2019-06-11 08:45:10+08:00,3695595827,瞌睡的貓DrowsyCat,@不给滚 嘿嘿嘿,,,,,,,,,
1504,4381917035874779,2019-06-11 08:44:56+08:00,5536906840,朱子彧2333,@没什么嘻嘻哈哈了  这个奖更大一些[doge],,,,,,,,,
1505,4381905002429058,2019-06-11 07:57:07+08:00,2261598973,重庆Chika酱,@重庆Ruby酱 ,,,,,,,,,
1507,4381864665968342,2019-06-11 05:16:50+08:00,1269342390,Yan-zitiao,@BestHaruko 完全模仿塞尔达，但是感觉应该还多好玩,,,,,,,,,
1510,4381806096613471,2019-06-11 01:24:06+08:00,5684324187,张吖吖吖丫,@山海与天丷 炒鸡想玩吖,,,,,,,,,
1511,4381791814698521,2019-06-11 00:27:21+08:00,2495405157,萌萌的小财哥丶,@辣条百味丝 啦啦啦啦,,,,,,,,,
1512,4381791081081601,2019-06-11 00:24:25+08:00,1798753384,健身环小冒险,塞尔达即视感？？？@引燃大爆炸 ,,,,,,,,,
1513,4381789462526477,2019-06-11 00:17:59+08:00,5819345971,哎呀sizn,@那天的我ui 来咯，国产游戏[鼓掌],,,,,,,,,
1514,4381784059712176,2019-06-10 23:56:31+08:00,2509381487,-Violet_Evergarden-,终于等到内测了@AcFun弹幕视频网 ,,,,,,,,,
1515,4381783015341279,2019-06-10 23:52:23+08:00,6222252165,劳拉Candy糖糖,@晨光Land @Highfashion015 @看到尽头以前就一起走吧 [给力][给力][给力][给力][给力][给力][给力],,,,,,,,,
1519,4381769002088605,2019-06-10 22:56:42+08:00,1884723515,狼小灬灰,@cost_to_cost ！！！我要,,,,,,,,,
1520,4381768549504902,2019-06-10 22:54:53+08:00,1161911767,燃烧de狒狒,我觉得我可以！@李晨钟啊- ,,,,,,,,,
1521,4381760542366750,2019-06-10 22:23:04+08:00,5756837243,不止夕阳近黄昏,@阿拉斯加懂了吧  求资格，我不管我就要玩,,,,,,,,,
1522,4381758097603851,2019-06-10 22:13:22+08:00,5259700640,tjdd1,"@汪汪丶Soralic  ,让我看看你运气咋样",,,,,,,,,
1523,4381732192966838,2019-06-10 20:30:26+08:00,3494627782,SaigusaHaruka,@大约是滩废水啦  抽…,,,,,,,,,
1525,4381729630205642,2019-06-10 20:20:15+08:00,2693416411,纯洁善良温柔小绵羊咩,@邪恶不坏：这即视感也太强了吧我的天[允悲],,,,,,,,,
1526,4381726408705592,2019-06-10 20:07:26+08:00,1557964837,绝缘_逻辑,《原神》开放大世界期待期待呀！@白敬亭 ,,,,,,,,,
1527,4381724072635471,2019-06-10 19:58:10+08:00,3931777091,可乐沫的夏天,@YZL-CHL [doge],,,,,,,,,
1528,4381723921997354,2019-06-10 19:57:34+08:00,3931777091,可乐沫的夏天,@泛式 ,,,,,,,,,
1530,4381717269742986,2019-06-10 19:31:07+08:00,3963890471,我超级喜欢华子哥哥,@梅子童学 ,,,,,,,,,
1531,4381716351036130,2019-06-10 19:27:29+08:00,1256751547,超级抠的华子的同事,@矜持的白骑士 ,,,,,,,,,
1536,4381705466714990,2019-06-10 18:44:14+08:00,5904467888,明眸皓月_,@送葬staly  希望中奖啊qaq,,,,,,,,,
1537,4381703625995175,2019-06-10 18:36:54+08:00,2492392313,hikikomori咯,@松坂峰 那就一人一个ps4吧,,,,,,,,,
1538,4381702627068916,2019-06-10 18:32:57+08:00,5646841751,作死还是不会死,拉低中奖率@今天也是猫耳 一起来呀,,,,,,,,,
1539,4381702292462976,2019-06-10 18:31:37+08:00,3316171065,星冉泽银,@莫挨老子9102 ,,,,,,,,,
1540,4381701519802806,2019-06-10 18:28:32+08:00,6027499723,神烦g916,@米哈游miHoYo @索尼中国   nb，没了,,,,,,,,,
1541,4381700257935827,2019-06-10 18:23:31+08:00,6347607441,无以言语的弱,@正经的哼汰桑 leile leile,,,,,,,,,
1542,4381699309755128,2019-06-10 18:19:45+08:00,3123751063,名叫菜月昴的骑士,@凯凯凯凯凯凯凯Cat丶 ,,,,,,,,,
1543,4381698332415087,2019-06-10 18:15:52+08:00,3216008541,寂灭千星_776,@反犬TDog,,,,,,,,,
1544,4381695640197827,2019-06-10 18:05:10+08:00,6437520613,嚻嚻94746,给我也整一个@NaiveFrog丶 ,,,,,,,,,
1548,4381680225504253,2019-06-10 17:03:56+08:00,5499537153,谁染青衣沫肆雪,@天天卡牌,,,,,,,,,
1551,4381674890522272,2019-06-10 16:42:44+08:00,3004665147,yilililii,@叛逆性百万亚瑟王 😬,,,,,,,,,
1552,4381674500700759,2019-06-10 16:41:10+08:00,2744046920,MO_o233,期待原神很久了  mhynb  @网易电竞NeXT,,,,,,,,,
1553,4381670087631909,2019-06-10 16:23:39+08:00,3662397913,活死_猫,@我寄愁心与明月914,,,,,,,,,
1554,4381667529532503,2019-06-10 16:13:29+08:00,5504761484,心镜D,@@一碗肉很多的皮蛋瘦肉粥,,,,,,,,,
1555,4381667491698195,2019-06-10 16:13:19+08:00,5084148035,全都给我木达木达,我就想要个ps4 pro@八雲家的冰糖橙 ,,,,,,,,,
1556,4381666485718040,2019-06-10 16:09:20+08:00,3950214461,春和景明云淡风清,喜欢@幸福的hzz189,,,,,,,,,
1557,4381662479409540,2019-06-10 15:53:25+08:00,1779617041,余尧吉,@罐头鲍  [好爱哦]这么棒,,,,,,,,,
1558,4381662387051570,2019-06-10 15:53:03+08:00,5967119364,侯富友1999,@崩坏3 我要玩内测,,,,,,,,,
1559,4381660810120700,2019-06-10 15:46:46+08:00,2264463611,真新镇的大木博士,@惹惹惹敲破锣 重在参与,,,,,,,,,
1561,4381657534539692,2019-06-10 15:33:46+08:00,1683611284,奶爸雪过云清,抽奖来点测试资格啊，，很期待！@蝴蝶爱上沧海,,,,,,,,,
1562,4381657483916768,2019-06-10 15:33:34+08:00,5709001452,零一灵依泠,@娱乐用万能天使 ,,,,,,,,,
1563,4381657207925556,2019-06-10 15:32:28+08:00,5446940498,娱乐用万能天使,@原神 @零一灵依泠 期待米哈游新作  单凭美工便足以让人为之买单的优质作品,,,,,,,,,
1564,4381656071210731,2019-06-10 15:27:57+08:00,5660691014,永远都是温迪厨,@被封号的eilinna 试图安利给太太,,,,,,,,,
1567,4381627717442887,2019-06-10 13:35:16+08:00,1741030140,-夫_子-,@上官晨宸 @原神 官方给个测试资格[鲜花]万分感谢[鲜花][鲜花][鲜花],,,,,,,,,
1568,4381623719917282,2019-06-10 13:19:23+08:00,6711905049,殇璃51089, @啵啵有四片叶子的草 ,,,,,,,,,
1570,4381614077097823,2019-06-10 12:41:05+08:00,7185001398,无世玉,@原神 我只想要派蒙抱枕[doge]@原神,,,,,,,,,
1571,4381606480977383,2019-06-10 12:10:53+08:00,6829741539,残月SongYT,@叶子的脉络 期待米哈游新游！,,,,,,,,,
1574,4381602253723584,2019-06-10 11:54:05+08:00,6013905025,春寒故梦,总要抱着希望@平山怀壳_825 ,,,,,,,,,
1575,4381601720546984,2019-06-10 11:51:59+08:00,6877757639,小温迪的哥哥,原神PV很棒！ @惬意的中军  保佑我偶一次吧！,,,,,,,,,
1576,4381598378373919,2019-06-10 11:38:42+08:00,5097660074,三釖瑬,@_Novelance 求原神测试服,,,,,,,,,
1577,4381598030347059,2019-06-10 11:37:18+08:00,3774181900,南轲太守,@blacealy 我能欧一波么,,,,,,,,,
1579,4381595852710941,2019-06-10 11:28:40+08:00,5599755806,离坤晋也,@晚风吻尽荷蘤叶 快看，啥游戏出了,,,,,,,,,
1580,4381595785710440,2019-06-10 11:28:23+08:00,3973348290,没有昵称的zyk,@左右丶ZY 嘿嘿，借你一用,,,,,,,,,
1581,4381594716675689,2019-06-10 11:24:09+08:00,2122416260,張家_四少,@张麟Ace ,,,,,,,,,
1582,4381594414347276,2019-06-10 11:22:56+08:00,3905800638,Eruion0,@奶牛关游戏社区 ,,,,,,,,,
1584,4381592090322700,2019-06-10 11:13:43+08:00,6531859368,青槐大大,@原神 我觉得抄袭应该算不上的吧，米哈游不可能会故意往枪口上撞，游戏没发布之前为什么要喷啊------我想要内测码啊！！,,,,,,,,,
1585,4381590639478858,2019-06-10 11:07:56+08:00,5595711949,爱吃鸡的郝神,米哈呦 必属精品@虎牙烤羊腿 ,,,,,,,,,
1586,4381586995076368,2019-06-10 10:53:28+08:00,1949541590,改了名儿也像个水军,@苏叶比荷叶好听  ,,,,,,,,,
1587,4381584616214877,2019-06-10 10:44:00+08:00,2786976583,陈塘关首富之妻,@陈塘村银行首富 ,,,,,,,,,
1589,4381572310166716,2019-06-10 09:55:06+08:00,5953912162,Superboy_zxw,@周昕炜sama_ [兔子],,,,,,,,,
1591,4381570506874214,2019-06-10 09:47:57+08:00,1676235095,不思者不语,@A9VG 过来打个酱油,,,,,,,,,
1596,4381547346016185,2019-06-10 08:15:55+08:00,1950643175,好运爆棚女孩,@小欣月儿521,,,,,,,,,
1598,4381537367415188,2019-06-10 07:36:16+08:00,6860437355,正月十五不圆吾宵,@麟禾麒然 ,,,,,,,,,
1603,4381460972599606,2019-06-10 02:32:42+08:00,2240490717,神秘绅士男,@邝毅聪呵呵的笑了 支持支持,,,,,,,,,
1607,4381455838958997,2019-06-10 02:12:18+08:00,3856436779,福伯顿先生,@任租客APP @奥凯航空 @安蕾尔 冲冲冲,,,,,,,,,
1608,4381439535540822,2019-06-10 01:07:31+08:00,1752860604,猴猴我啊想飞,@冰晶lemon_YJ  冲啊  米和油,,,,,,,,,
1610,4381427455678989,2019-06-10 00:19:31+08:00,3830807913,o唯爱V,@扣扣埃去 ,,,,,,,,,
1611,4381417393494971,2019-06-09 23:39:31+08:00,3686712410,别让昨天在泥巴里打滚,@桃酥子丶  拉低中奖率,,,,,,,,,
1612,4381417020488862,2019-06-09 23:38:02+08:00,6787054032,我好像重生啊啊啊,@得过且过的勇者 ,,,,,,,,,
1615,4381415716623571,2019-06-09 23:32:52+08:00,6993042458,不知名赌狗,@得过且过的勇者 ,,,,,,,,,
1623,4381406128484600,2019-06-09 22:54:46+08:00,2331611061,芫荽梗儿,@香菜儿ChaneI,,,,,,,,,
1624,4381405176389384,2019-06-09 22:50:58+08:00,3294806110,-七星璨璨凝流光-,@Nagiya15236 终于等到了,,,,,,,,,
1626,4381394437962966,2019-06-09 22:08:19+08:00,5802163818,三仙尼,@华为EMUI 爱嘹,,,,,,,,,
1627,4381391497827903,2019-06-09 21:56:37+08:00,6200888854,任天堂switch俱乐部,@乌恩先生  这很塞尔达！,,,,,,,,,
1629,4381387400258097,2019-06-09 21:40:21+08:00,5998345167,山水情缘花,@地点呢f ,,,,,,,,,
1630,4381385085395016,2019-06-09 21:31:09+08:00,6558508041,道士下山泡尼姑,好东西要一起分享@崩坏3,,,,,,,,,
1632,4381382706601673,2019-06-09 21:21:41+08:00,3170290755,gadabout,@二蛋2333  ,,,,,,,,,
1633,4381379926088308,2019-06-09 21:10:38+08:00,6550146890,越来越可爱的Moe,@花泽香菜  赐我欧气吧,,,,,,,,,
1634,4381376096249122,2019-06-09 20:55:25+08:00,5966958692,HOOD丶,@HOOD200309 感觉抽不到,,,,,,,,,
1635,4381375119232038,2019-06-09 20:51:33+08:00,2324437833,老用户之路,@有你就有我28 ,,,,,,,,,
1636,4381374578506058,2019-06-09 20:49:24+08:00,6530497465,离涯眦,期待新游@南逃故里,,,,,,,,,
1638,4381370224455169,2019-06-09 20:32:05+08:00,2432731375,吃货千金妈妈,@树先生8866 ,,,,,,,,,
1639,4381368609884922,2019-06-09 20:25:41+08:00,2412560654,落霞艳,@任天堂法务部,,,,,,,,,
1642,4381363366695611,2019-06-09 20:04:51+08:00,5134888096,祁白白吖,@ovo暖暖  诶嘿  [二哈],,,,,,,,,
1646,4381352083869044,2019-06-09 19:20:00+08:00,1826013250,麒星兔照,@大新向上 ,,,,,,,,,
1650,4381345276801382,2019-06-09 18:52:57+08:00,5884860955,joy1959,@金中家运,,,,,,,,,
1651,4381344131689481,2019-06-09 18:48:25+08:00,2143538752,被子好冷,@金中家运,,,,,,,,,
1652,4381343087604305,2019-06-09 18:44:15+08:00,5516737758,MicroBlog神奈,陪我一起玩原神吧[喵喵][喵喵][喵喵]@江城成江 ,,,,,,,,,
1653,4381342391481447,2019-06-09 18:41:30+08:00,5093146918,佯嫚,@sunniton ,,,,,,,,,
1656,4381341875467350,2019-06-09 18:39:27+08:00,5130467812,中华家的窝窝头,@猫子啊啊啊 米忽悠🐮🍺噢！已经预约了噢！不知道能不能上PS4呢[许愿][许愿][许愿]我买PS4就是为了玩原神！[太开心][太开心][太开心],,,,,,,,,
1658,4381336917656573,2019-06-09 18:19:45+08:00,1863917041,一只红中君丶,@Sweet甜莓酱_ 滋辞米哈游，[鼓掌][鼓掌][鼓掌]拉低中奖率,,,,,,,,,
1659,4381335953443567,2019-06-09 18:15:55+08:00,2906395951,土豆番茄糖三勺,@天选之帅 [加油],,,,,,,,,
1660,4381335881585001,2019-06-09 18:15:37+08:00,1842050571,DIEE_HAHAHA,@Lu君-HXSJ ,,,,,,,,,
1662,4381331926383739,2019-06-09 17:59:55+08:00,6537782104,那无法触摸之人,@dsa4das4,,,,,,,,,
1664,4381329778819570,2019-06-09 17:51:22+08:00,2691800751,爱榭,@杯小蓝_ ,,,,,,,,,
1665,4381328071706579,2019-06-09 17:44:35+08:00,6076236387,温暖atatagai,@暖心·相伴 ,,,,,,,,,
1668,4381323127237457,2019-06-09 17:24:57+08:00,1664996264,把记忆结成冰zz,@中国移动10086,,,,,,,,,
1673,4381316742702398,2019-06-09 16:59:35+08:00,6797982142,桃小桃-Hestia,@Livelikeuredying ,,,,,,,,,
1677,4381308937684043,2019-06-09 16:28:34+08:00,2911380361,uuuuundemo,@阳春白雪攸瓷魃  首测[跪了][跪了],,,,,,,,,
1680,4381299731317291,2019-06-09 15:51:59+08:00,2620012484,郝铁蛋er,@宋宋Monkey [摊手],,,,,,,,,
1685,4381293674322368,2019-06-09 15:27:55+08:00,5235571561,-乔鲁诺乔巴拿拿-,[可爱]出来抽奖@我想打哈欠-,,,,,,,,,
1687,4381282446170132,2019-06-09 14:43:18+08:00,2642547487,iJianyx,@传说中de某人 ,,,,,,,,,
1688,4381281980295260,2019-06-09 14:41:26+08:00,5652038148,风花雪_越,不得不说，米哈游的画面质量还是高@little石头儿 ,,,,,,,,,
1689,4381281397318239,2019-06-09 14:39:08+08:00,5580261142,LuvKy_zz,@LuvWz_yy [太开心],,,,,,,,,
1690,4381276754880327,2019-06-09 14:20:41+08:00,3018654483,复方晚公子,@步月来兮缓缓归 原神！,,,,,,,,,
1693,4381274644817597,2019-06-09 14:12:18+08:00,6301774190,倾城恋怀,@任天堂香港有限公司,,,,,,,,,
1694,4381274318248607,2019-06-09 14:11:00+08:00,5447750326,Booker_Dewitt,@-上元姑娘_ ps4,,,,,,,,,
1697,4381271147385375,2019-06-09 13:58:23+08:00,5481318243,0天赋,@沫芜寒 ,,,,,,,,,
1699,4381269607601773,2019-06-09 13:52:16+08:00,6012901653,喝一壶老酒酒,@三月的风nh ,,,,,,,,,
1700,4381268924185106,2019-06-09 13:49:34+08:00,6368335170,Alttaboo,@原神 随缘,,,,,,,,,
1702,4381267762552372,2019-06-09 13:44:56+08:00,1740544170,不爱发博王左军,@不爱写字王右军 //@游研社: 米哈游新作《原神》放出了新预告,,,,,,,,,
1704,4381264557230938,2019-06-09 13:32:12+08:00,3286287507,一直都是贝极星的捏,@shikari_  玩咯你个铁憨憨,,,,,,,,,
1705,4381262212533915,2019-06-09 13:22:53+08:00,5523027214,墨色未白,@悠之海的羽之曲 来来来！,,,,,,,,,
1706,4381262032463531,2019-06-09 13:22:11+08:00,1681862197,出生就在罗马,@任天堂香港有限公司,,,,,,,,,
1713,4381250989087931,2019-06-09 12:38:18+08:00,5654934337,放逐的阿里萨,GKD@绿光核桃 ,,,,,,,,,
1716,4381247717255113,2019-06-09 12:25:18+08:00,2042807367,不是曾老师,@C_君- ,,,,,,,,,
1723,4381243464259178,2019-06-09 12:08:24+08:00,6559115640,最近有点撩频,@原神 我想玩啊,,,,,,,,,
1724,4381243293024787,2019-06-09 12:07:42+08:00,3894518043,减肥3000天,以吾之厄运为祭品，以吾之厄运为代价。献上鲜血与哀呼，付出心灵与信仰。万能的白前辈在上!请赐予在下力量吧！ @仙逝___凯  @血色樱祭,,,,,,,,,
1725,4381242423944907,2019-06-09 12:04:15+08:00,3429392434,侧马尾拯救世界,@雷米Kawaii 十厘米不考虑参加一下米忽悠新作吗？,,,,,,,,,
1726,4381236254166962,2019-06-09 11:39:44+08:00,6823943717,宇智波派大60573,@原神 转发@过了，你看着办吧[允悲],,,,,,,,,
1728,4381236161933704,2019-06-09 11:39:23+08:00,5847975225,yeezzzzzzzzzz,转发@我的小小水 ,,,,,,,,,
1729,4381235788783203,2019-06-09 11:37:54+08:00,5975115662,奶油苹果派,@你好我是老瞿 行吧,,,,,,,,,
1730,4381235704700593,2019-06-09 11:37:33+08:00,5985326341,3dmun6Zfan,@带带大师兄 ,,,,,,,,,
1731,4381234324609983,2019-06-09 11:32:05+08:00,2490489793,kahwangtin,很多人说像塞尔达....那我就来转发抽奖吧.....@Amo丶柠 ,,,,,,,,,
1732,4381233104686912,2019-06-09 11:27:14+08:00,5365385213,ZoCoCo_CN,在我看来《原神》是对《荒野之息》最低劣的抄袭！[微笑]换个人物换个世界观，然后开放世界里的建模场景几乎全部照搬，里面的一花一草一木都让我看到了满满寨版的荒野之息，更别提什么游戏节奏和战斗方式了，这还tm能说是借鉴吗？！不可原谅！最后，请任天堂法务部务必告死它[摊手]@任天堂香港有限公司,,,,,,,,,
1733,4381231766453271,2019-06-09 11:21:55+08:00,6811476540,焦糖海盐啊,@陈秘密和铲屎官的后花园 哈哈哈,,,,,,,,,
1736,4381229887429442,2019-06-09 11:14:26+08:00,1873928060,貓與貓尋_inamin,[doge]快来吧！@怡云悠悠 ,,,,,,,,,
1737,4381228947799232,2019-06-09 11:10:43+08:00,1765720355,不可思尹_,@Shine是晒晒 国产版塞尔达[doge][doge],,,,,,,,,
1740,4381226871697883,2019-06-09 11:02:28+08:00,2285720900,想和你去冲浪,我真8是米卫兵嗷@SHD老宣 ,,,,,,,,,
1741,4381226657731443,2019-06-09 11:01:36+08:00,5318938244,我对利姆露一心一意,@这里落下一颗星星  没抗住,,,,,,,,,
1743,4381225043000873,2019-06-09 10:55:11+08:00,2271509650,你也不要太伤心了,@Simple_Geometry 中,,,,,,,,,
1744,4381223835109016,2019-06-09 10:50:23+08:00,6083585487,尬舞倾城,冲冲冲@笨笨笂_彭博 ,,,,,,,,,
1745,4381223831415029,2019-06-09 10:50:22+08:00,5760973928,于苦酒,@绝灬月丶 献祭你让我欧一次。[doge],,,,,,,,,
1747,4381222987368445,2019-06-09 10:47:01+08:00,3189701192,凪椰真栗,@下雨天的啤酒和炸鸡[阴险][阴险][阴险],,,,,,,,,
1749,4381221343577587,2019-06-09 10:40:30+08:00,5127273790,空调还得17度,快，我需要内测资格@贰两红茶 嗯，这次不会艾特错了,,,,,,,,,
1751,4381217476092383,2019-06-09 10:25:08+08:00,5722765148,久石淋,@任天堂香港有限公司 法务部出来干活了！,,,,,,,,,
1754,4381213345077603,2019-06-09 10:08:43+08:00,3910559480,Manta-lollipop,@曹-晴- 老夫的PS4就靠你们了,,,,,,,,,
1755,4381212632459572,2019-06-09 10:05:53+08:00,7186300644,羽毛herat,求中奖@Amber華re ,,,,,,,,,
1756,4381212116561634,2019-06-09 10:03:49+08:00,5539753130,華Karin,期待@羽毛herat ,,,,,,,,,
1761,4381209624761380,2019-06-09 09:53:56+08:00,3587093212,落兮陌爱晨,好期待的说呀@今生和你一起走 ,,,,,,,,,
1763,4381208429377086,2019-06-09 09:49:11+08:00,1303325180,三十建构设计工作室,@瑶十二_ 借助一下运气！[偷笑],,,,,,,,,
1764,4381207128910857,2019-06-09 09:44:00+08:00,2486714705,CLCL青,米哈游新作[doge][doge][doge]@cosplay菱纱 ,,,,,,,,,
1766,4381204922807360,2019-06-09 09:35:15+08:00,2376468233,互联网我把握不住,@牙小签签小牙牙牙 雨女无瓜,,,,,,,,,
1770,4381202007546787,2019-06-09 09:23:40+08:00,6777944479,湖工软件工程1802班团支部,@欢眠 你觉得是不是你,,,,,,,,,
1773,4381196224161686,2019-06-09 09:00:41+08:00,5277725011,夕洛lin,[doge][doge]@执着1108 ,,,,,,,,,
1776,4381194663681694,2019-06-09 08:54:28+08:00,1628054360,散落羽翼丿,@任天堂香港有限公司,,,,,,,,,
1777,4381194629929221,2019-06-09 08:54:21+08:00,6186014539,38号关系不能控,@我来组成分子 ,,,,,,,,,
1778,4381194470521328,2019-06-09 08:53:43+08:00,6134975108,快门回溯这首歌很好听x,@陪你把梦做到最巅峰x  来看看,,,,,,,,,
1779,4381194294781763,2019-06-09 08:53:00+08:00,6292343070,给你一个滑稽,@神的游戏和你 [二哈],,,,,,,,,
1781,4381194000998100,2019-06-09 08:51:51+08:00,6061295171,我来组成分子,@驯规捣矩 ,,,,,,,,,
1782,4381193548316270,2019-06-09 08:50:03+08:00,6292343070,给你一个滑稽,@神的游戏和你 我要[二哈],,,,,,,,,
1783,4381193279496203,2019-06-09 08:48:58+08:00,2057765150,哎嗨呦拽,@我来组成分子 ,,,,,,,,,
1785,4381191899643162,2019-06-09 08:43:30+08:00,3195328545,盲目愚钝冷眼,@庭院深深落几许 我们要发财啦[doge][doge],,,,,,,,,
1786,4381190587010404,2019-06-09 08:38:16+08:00,1093773890,Luciferbear,@只为等待your PS4 PRO http://t.cn/AiC5X41g,,,,,,,,,
1787,4381190234563862,2019-06-09 08:36:52+08:00,2082536774,Domiso武士, @卡咩酱酱  蠢蠢欲动,,,,,,,,,
1790,4381184786092848,2019-06-09 08:15:14+08:00,6071444488,风波无痕6071444488,ps4可以想一想@心动豆鱼,,,,,,,,,
1791,4381184299218825,2019-06-09 08:13:18+08:00,3750613497,ChoiJsen,[悲伤]@贴心垫脚石 @Q丶秦zc,,,,,,,,,
1792,4381184270270750,2019-06-09 08:13:11+08:00,5637678350,wow_Yuah,@天工靛影 嘿嘿嘿,,,,,,,,,
1796,4381181451466521,2019-06-09 08:01:59+08:00,3686330802,Bade初,@Oliver-明 [二哈][二哈],,,,,,,,,
1799,4381178016909151,2019-06-09 07:48:19+08:00,5360978807,zzzdvvvvvvvvvv,@兔玩游戏 ,,,,,,,,,
1801,4381174929244980,2019-06-09 07:36:03+08:00,3191734383,狼姬不是変態,我只想撸树@V灬杰 ,,,,,,,,,
1822,4381165530545220,2019-06-09 06:58:42+08:00,2106300264,strong_nn,@Kayla_LY 来玩来玩,,,,,,,,,
1823,4381162036771524,2019-06-09 06:44:50+08:00,5595969788,美丽玫瑰好好,@寶寶你是我的寶妞子 ,,,,,,,,,
1824,4381154586843549,2019-06-09 06:15:14+08:00,3280746744,浩轩Y_Y,@trevor行云 ,,,,,,,,,
1833,4381114246827760,2019-06-09 03:34:55+08:00,5999393503,NeogrePrime,@杨金义点点,,,,,,,,,
1834,4381112845095804,2019-06-09 03:29:21+08:00,5585220361,小小酥CASTE,@往昔将至 @手机保修卡 这发了几条了啊,,,,,,,,,
1835,4381110555337215,2019-06-09 03:20:16+08:00,1823790090,MR_YGL,@____炳炳堅-TxT ,,,,,,,,,
1845,4381096084668764,2019-06-09 02:22:46+08:00,1077183874,4K包子,@月蛍 ,,,,,,,,,
1847,4381095326220477,2019-06-09 02:19:45+08:00,5909898693,哦呵呵呵呵呵呵呵呵呵哈,@原神 @SINoALICE死亡爱丽丝资讯情报 万一能中呢,,,,,,,,,
1851,4381094188932615,2019-06-09 02:15:14+08:00,6115312588,inheritor0V523,@孤辰-藏海记 一起来玩啊[笑而不语],,,,,,,,,
1852,4381093740358248,2019-06-09 02:13:27+08:00,6115312588,inheritor0V523,@孤辰藏海记 一起来玩啊[笑而不语],,,,,,,,,
1855,4381090690752479,2019-06-09 02:01:20+08:00,5283676276,背着吉他的猫6,@鸽海成路 期待期待,,,,,,,,,
1858,4381087633126481,2019-06-09 01:49:10+08:00,6527011636,Silence214ce,@阿诺Jacky 转发微博,,,,,,,,,
1860,4381086290929696,2019-06-09 01:43:50+08:00,6504600802,昵晤,@斯人近彩虹 [doge],,,,,,,,,
1861,4381086073440459,2019-06-09 01:42:59+08:00,1826161011,好大的一块豆腐,我要ps4@BBOYPON ,,,,,,,,,
1863,4381084252875885,2019-06-09 01:35:45+08:00,2866004380,南周333,@shunshunls ,,,,,,,,,
1864,4381084223471014,2019-06-09 01:35:38+08:00,5694905006,cc陌若晨曦,@乖乖小失蔚 感觉就是抽奖来的,,,,,,,,,
1866,4381082096630460,2019-06-09 01:27:11+08:00,1974703387,好的收到嗯嗯,啊，新的一年，新的抽ps4@浪玩堂 ,,,,,,,,,
1869,4381079538402128,2019-06-09 01:17:01+08:00,1262716967,南十字星MX,@南宫之钰 最希望的是测试资格,,,,,,,,,
1871,4381077425002753,2019-06-09 01:08:37+08:00,6750205186,芋头夹有幸福,[心][爱你]期待@像毛竹一样萌萌哒  ,,,,,,,,,
1873,4381076854178777,2019-06-09 01:06:21+08:00,5053124117,荒城之歌,@FANG--Fighting ,,,,,,,,,
1875,4381075150968649,2019-06-09 00:59:35+08:00,6056673150,怪凉,@好梦不醒- [爱你][爱你][爱你],,,,,,,,,
1876,4381075041687077,2019-06-09 00:59:08+08:00,1676594064,Ning某,@汪尕杏 ,,,,,,,,,
1878,4381073788269129,2019-06-09 00:54:10+08:00,2141330542,好名子都被别人起了,@EasonZQX (◍ ´꒳` ◍),,,,,,,,,
1879,4381073679401263,2019-06-09 00:53:44+08:00,1393800187,Tusmuto,[心][爱你]@漆个隆冬爱玩妞  ,,,,,,,,,
1880,4381072710059424,2019-06-09 00:49:53+08:00,3122097931,圆文奇,@嘭麸麸 [ok],,,,,,,,,
1881,4381070314956714,2019-06-09 00:40:22+08:00,3269885782,菠萝AiMiya,@快来Hold住哥 米忽悠牛逼！  怒草大伟哥！,,,,,,,,,
1882,4381069808067162,2019-06-09 00:38:21+08:00,6137721628,在摩洛哥寻找乔治微微,@_小符同学 ,,,,,,,,,
1888,4381066675026740,2019-06-09 00:25:54+08:00,1851155575,WimJimLeung,很酷酷哦@freed德 ,,,,,,,,,
1890,4381064824712659,2019-06-09 00:18:33+08:00,5234350255,Eerikkk,@任天堂香港有限公司,,,,,,,,,
1895,4381063012446157,2019-06-09 00:11:20+08:00,1741443377,Tom同学哈哈哈,@3DMGAME官方微博 ,,,,,,,,,
1899,4381059683098518,2019-06-08 23:58:07+08:00,5666703214,姓是水也啊,@你的vip客人 想要ps4和游戏资格,,,,,,,,,
1903,4381058394640390,2019-06-08 23:53:00+08:00,6107982412,老岳岳-,@考完ACCA再改名的Lu 你的塞尔达[微笑],,,,,,,,,
1905,4381056511671055,2019-06-08 23:45:30+08:00,6163472680,青橘子夕颜,@爱旅行的一抹浅笑 期待啊  超喜欢的呀,,,,,,,,,
1906,4381055999849341,2019-06-08 23:43:28+08:00,3168678730,29是不是十八,@FIVEFING [憧憬],,,,,,,,,
1907,4381055945105285,2019-06-08 23:43:16+08:00,2453202000,九十五是我,@Aaaa486b ,,,,,,,,,
1908,4381054535761779,2019-06-08 23:37:39+08:00,6068504299,朗伯定律,@maia濯清 土拨鼠尖叫.GIF 啊啊啊啊啊啊,,,,,,,,,
1911,4381052548132567,2019-06-08 23:29:46+08:00,3312618215,方山莫奈,ps4我就笑纳了[doge]@Fallouttgurls ,,,,,,,,,
1912,4381052350808792,2019-06-08 23:28:58+08:00,1838920622,neko君,@任天堂香港有限公司 虽然你是机器人 也康康？,,,,,,,,,
1915,4381051163514779,2019-06-08 23:24:16+08:00,3940268688,-AirJun-,@YunJ- [并不简单],,,,,,,,,
1916,4381050639450999,2019-06-08 23:22:11+08:00,5643963336,暴躁三水喵喵喵,@鹤月PYue 摸兔兔加buff涨欧气！嘤！,,,,,,,,,
1918,4381050111708324,2019-06-08 23:20:04+08:00,3301636882,肉包猫-Gravity5,感觉很棒。想尝试一下。@多才多艺的胖子灬回炉重练 ,,,,,,,,,
1921,4381048764399478,2019-06-08 23:14:44+08:00,7183555962,笑宝宝是个好姑娘,[爱你]@一帆风顺我爱你100,,,,,,,,,
1925,4381047565103934,2019-06-08 23:09:57+08:00,5107685079,ScarDemon,@zommmbier 等一个ps4pro（你在想🍑 ）,,,,,,,,,
1926,4381047464357929,2019-06-08 23:09:34+08:00,5543344014,优烈的小窝,希望能够有趣叭[doge]@板烧千叶酱,,,,,,,,,
1927,4381047015713970,2019-06-08 23:07:46+08:00,7181386131,我爱宝宝呀2019,支持@笑宝宝是个好姑娘,,,,,,,,,
1930,4381046025879733,2019-06-08 23:03:51+08:00,2902149977,Catnip蔡大喵,@Gawinds 虽然欣赏不来这种文化，但玩还是要玩的[doge],,,,,,,,,
1931,4381045652323285,2019-06-08 23:02:22+08:00,7182947702,Mango_runruna869,[喵喵][喵喵][喵喵]@不死的八雲,,,,,,,,,
1932,4381044495046207,2019-06-08 22:57:45+08:00,6289010959,__完形填空,@陈致逸 陈老师赛高！！！！,,,,,,,,,
1933,4381044415828640,2019-06-08 22:57:26+08:00,7181353716,一帆风顺我爱你2019,支持[喵喵]@不死的八雲,,,,,,,,,
1936,4381042808748717,2019-06-08 22:51:03+08:00,3178563181,一气呵诚,@任天堂香港有限公司 [喵喵][喵喵],,,,,,,,,
1938,4381042150521677,2019-06-08 22:48:26+08:00,2352110097,千年梦寻客,@阳神-eason ,,,,,,,,,
1940,4381040950746258,2019-06-08 22:43:41+08:00,1673742051,镰舞死神,@尤特娜英雄战记泪指轮传说 @加贺昭三,,,,,,,,,
1941,4381040871684697,2019-06-08 22:43:21+08:00,6883425198,来自榆次的白先生,想要[二哈]@不死的八雲,,,,,,,,,
1942,4381040330489834,2019-06-08 22:41:12+08:00,1920942271,凛_水无月,@骑毛驴的小短腿 ,,,,,,,,,
1943,4381039684255095,2019-06-08 22:38:39+08:00,2149142410,子路我擦勒,@喵叔连夜暴走 ,,,,,,,,,
1945,4381037414870681,2019-06-08 22:29:38+08:00,1838293273,true-lcy,@能不能跪下来听我道歉 ,,,,,,,,,
1946,4381036626640468,2019-06-08 22:26:29+08:00,5318580448,绝世好剑无双枪,@scua302017 像不像,,,,,,,,,
1947,4381036269870523,2019-06-08 22:25:05+08:00,2048728132,Bladerunner_07,@-小捷捷 ,,,,,,,,,
1951,4381035322521311,2019-06-08 22:21:18+08:00,2411391260,老婆是包纸,@莉莉丝逐风者 ,,,,,,,,,
1953,4381034697565273,2019-06-08 22:18:49+08:00,5578013905,V制式量产型萌新,@最爱张熠煊的琪姐 @ai微lan 测试资格，请|･_･`),,,,,,,,,
1955,4381032965272857,2019-06-08 22:11:56+08:00,7185995428,作者笔落方休,@原神  @夜悠月作者号  呃好啊，一起预约，谁中预约号，谁是狗,,,,,,,,,
1956,4381032470174036,2019-06-08 22:09:58+08:00,1972853967,凉粱,@_恍恍然  emmmmmmm,,,,,,,,,
1961,4381029953056557,2019-06-08 21:59:58+08:00,5743319263,丹田sama,@大王叫我来上班哟 冲,,,,,,,,,
1964,4381028632655445,2019-06-08 21:54:43+08:00,1795940743,吐槽套,@Baitiko 我不管！我要玩！,,,,,,,,,
1969,4381027570768491,2019-06-08 21:50:30+08:00,3645582951,关山月渡水载木,@校长伯伯再无理想 抽不到的,,,,,,,,,
1970,4381027516096720,2019-06-08 21:50:18+08:00,2806838242,驯规捣矩,@哎嗨呦拽 ,,,,,,,,,
1971,4381027105295652,2019-06-08 21:48:40+08:00,5819539903,騒乖可爱宝贝络,@游民星空 ,,,,,,,,,
1972,4381024387515691,2019-06-08 21:37:51+08:00,3168033614,我傻了丶真的,@任天堂香港有限公司,,,,,,,,,
1975,4381023061951224,2019-06-08 21:32:35+08:00,5618564068,no-sleep-club,@李亚辉Zero_It_One  支持一波,,,,,,,,,
1976,4381022600761607,2019-06-08 21:30:45+08:00,3908125541,UltraUHS,试试欧气@18045362728a ,,,,,,,,,
1977,4381022521102975,2019-06-08 21:30:27+08:00,6450998439,当当喜欢麦当当,@米哈游miHoYo 在？实名制想要资格,,,,,,,,,
1984,4381020520156188,2019-06-08 21:22:30+08:00,2428367465,全洲华love,@桐生花兔永远爱鸭鸭 ,,,,,,,,,
1991,4381018137675228,2019-06-08 21:13:02+08:00,5718177896,天意城神童江瑜,@classic201210,,,,,,,,,
1992,4381018016276837,2019-06-08 21:12:32+08:00,1897779674,宅车,@游研社 在？康康崩坏4,,,,,,,,,
1994,4381017072760521,2019-06-08 21:08:48+08:00,7132432278,阿塔尼斯的灵能利刃,@萌萌的小财哥丶 @hzl9y 冲冲冲啊,,,,,,,,,
1999,4381016040827143,2019-06-08 21:04:42+08:00,2648631657,禹声魅夜,666@Acer宏碁,,,,,,,,,
2000,4381016016240107,2019-06-08 21:04:36+08:00,2648631657,禹声魅夜,@aaaali_ ,,,,,,,,,
2003,4381014526500531,2019-06-08 20:58:41+08:00,2112659620,灬浩晖晖晖晖晖晖,@古巴比伦的晚秋 嗯？？？[doge],,,,,,,,,
2004,4381014246114934,2019-06-08 20:57:34+08:00,3868889803,历史是黑暗的,呵呵@影娱圈扒姐 ,,,,,,,,,
2005,4381014103462932,2019-06-08 20:57:00+08:00,5436558713,qwegni,@月半23696 看看人品,,,,,,,,,
2006,4381013612719741,2019-06-08 20:55:02+08:00,1298605467,only_5,@游研社 抄又怎样，我想玩啦！！,,,,,,,,,
2009,4381012723739677,2019-06-08 20:51:31+08:00,6164926873,米丸miv,@Miss-Lagrange 来康康[二哈][二哈],,,,,,,,,
2010,4381012227816537,2019-06-08 20:49:32+08:00,1847726090,奥斯特洛夫斯渣,@个索狗 @果汁_斯卡雷特,,,,,,,,,
2011,4381011464422324,2019-06-08 20:46:31+08:00,5688682601,gakki之夫,@咕噜咕噜超超人 快来看看这不要face的呀,,,,,,,,,
2012,4381011145905319,2019-06-08 20:45:15+08:00,5725946234,长的老怪我喽,希望不要又肝又氪@已知喵 ,,,,,,,,,
2013,4381011099947259,2019-06-08 20:45:04+08:00,2143113797,废柴阿潜,@九之犬 yoyo的公司出林克惹,,,,,,,,,
2016,4381009955253373,2019-06-08 20:40:31+08:00,2050899237,_阿楠_,@_小V__ 感觉不错，期待一下,,,,,,,,,
2017,4381009942730078,2019-06-08 20:40:27+08:00,5953912162,Superboy_zxw,@周昕炜sama_ [兔子],,,,,,,,,
2018,4381009745684962,2019-06-08 20:39:40+08:00,5635927295,willuon,@横折- ,,,,,,,,,
2046,4381009326101635,2019-06-08 20:38:00+08:00,2968729755,CeeoF,@不沾酱鸡块 @Bendy-dick-Cum-on-my-baps [吃瓜][吃瓜],,,,,,,,,
2050,4381008817906126,2019-06-08 20:35:59+08:00,5340495826,灯若眠,@沫小汐_Nan 你懂的,,,,,,,,,
2051,4381008448905660,2019-06-08 20:34:31+08:00,5486410350,碱性胶囊,@赤鸢仙人我没有说谎QAQ 在？为什么不出来对线,,,,,,,,,
2054,4381008197388260,2019-06-08 20:33:31+08:00,6406964147,我可是会打响指的,@九点半的黑色 来一起打圆神吧,,,,,,,,,
2055,4381008159805264,2019-06-08 20:33:23+08:00,5486410350,碱性胶囊,@赤鸢仙人我没有说谎QAQ 怎么还在忙着洗地吗[疑问],,,,,,,,,
2059,4381006918248888,2019-06-08 20:28:27+08:00,1767138313,七夜菌绝赞社畜中,@testlongyuan,,,,,,,,,
2060,4381006893009883,2019-06-08 20:28:21+08:00,2242575152,是听听阿,@借口与谦辞 ,,,,,,,,,
2061,4381006812957251,2019-06-08 20:28:01+08:00,6253042718,糊涂玖,@消失之前97 抽一下,,,,,,,,,
2064,4381006117252981,2019-06-08 20:25:16+08:00,1709630481,333Repeat,@守护舒宝 ,,,,,,,,,
2066,4381005999897833,2019-06-08 20:24:47+08:00,1991602327,仙霞派代表,@一步童鞋表示不太淡定,,,,,,,,,
2067,4381005789783366,2019-06-08 20:23:58+08:00,2018686951,丿丶面,原本对手游方面没什么兴趣，看了这个感觉质量超乎手游印象，上架PC很不错。@NoknowingX @一脸温柔的变态,,,,,,,,,
2069,4381005370419751,2019-06-08 20:22:17+08:00,5694906323,猫喜欢布丽吉塔,@drbkw012 暗示我马上拥有ps4了[二哈],,,,,,,,,
2070,4381005299182419,2019-06-08 20:22:00+08:00,1977384050,落秋禾杊,@九歌荔枝 [doge][二哈]“崩坏4”,,,,,,,,,
2071,4381005278453516,2019-06-08 20:21:56+08:00,6918792954,葬剑亡谷,@查看图片,,,,,,,,,
2076,4381004351133782,2019-06-08 20:18:15+08:00,2891967440,iAu-Huu,@抹茶薄荷鹿 来抽,,,,,,,,,
2078,4381003969502127,2019-06-08 20:16:44+08:00,2301380317,骆尽晚与舟,@北冥从云 还好有pc,,,,,,,,,
2079,4381003956652003,2019-06-08 20:16:40+08:00,2166863167,大头_红警13,@不是毒奶色我是专业解说黄旭东  ,,,,,,,,,
2080,4381003080346710,2019-06-08 20:13:12+08:00,2165482954,CyyyyyC233,@奇奇mttt 肯定是我的,,,,,,,,,
2081,4381002900336283,2019-06-08 20:12:29+08:00,5486410350,碱性胶囊,@赤鸢仙人我没有说谎QAQ 别吵[嘻嘻]忙着给你🐎验尸呢,,,,,,,,,
2082,4381002870929151,2019-06-08 20:12:22+08:00,3221145565,一绪临,@任天堂香港有限公司,,,,,,,,,
2083,4381002870596847,2019-06-08 20:12:21+08:00,2328763550,佑佑佑佑思远,@宫羽Hoey [酸][酸],,,,,,,,,
2086,4381000743988866,2019-06-08 20:03:54+08:00,1799536747,Oscar有了奥斯卡,@你好我是草莓仙子 @原神 拉低中奖率,,,,,,,,,
2087,4381000673319729,2019-06-08 20:03:38+08:00,1814772225,某中二小鹿不吃葱喵喵,@今年就叫我隻狼吧 ,,,,,,,,,
2089,4380999637378963,2019-06-08 19:59:31+08:00,2968667544,uwu老大哥,牛逼啊指的奖品[笑而不语]@A9VG ,,,,,,,,,
2090,4380999603366087,2019-06-08 19:59:23+08:00,2866803582,十余百里,@任天堂 建议起诉[费解]这都不叫相似，这叫完全一致,,,,,,,,,
2095,4380999209102096,2019-06-08 19:57:49+08:00,2115615367,桂陵君,@白给少年又把自己秀了 [喵喵][喵喵][喵喵],,,,,,,,,
2096,4380999196486612,2019-06-08 19:57:46+08:00,2551882994,疯人印象,@Gray灰鸦 [doge],,,,,,,,,
2097,4380999045352696,2019-06-08 19:57:09+08:00,3198682393,黎明安好,@魔法师蛋小丁 一起来中奖吧！！,,,,,,,,,
2098,4380998609068248,2019-06-08 19:55:25+08:00,2841880263,上天入地大头怪,给👴整笑了@鱼酋长汝此兴奋 ,,,,,,,,,
2101,4380997783205673,2019-06-08 19:52:09+08:00,1952121485,花落潮鸣,@更远的南 快来抽,,,,,,,,,
2103,4380997548496734,2019-06-08 19:51:12+08:00,3415596670,SG-KFC, @永存的黑暗 诗歌快上！,,,,,,,,,
2104,4380997489321261,2019-06-08 19:50:59+08:00,6360987153,HIROsss,@昵称已被占用ljy 期待啊,,,,,,,,,
2107,4380996893432648,2019-06-08 19:48:36+08:00,5450562906,leonhavenohands,@不爱哭女生  666,,,,,,,,,
2109,4380996277150017,2019-06-08 19:46:10+08:00,3218789155,天雷牙皇,//@游研社: 米哈游新作《原神》放出了新预告,,,,,,,,,
2112,4380995811675909,2019-06-08 19:44:18+08:00,5532329978,寸心澈水寒,来康康这个@然而二二只想每天都吃肉 ,,,,,,,,,
2113,4380995665294478,2019-06-08 19:43:43+08:00,2255342903,SCP破孩,@-梓澄-  抽我,,,,,,,,,
2114,4380994549403434,2019-06-08 19:39:18+08:00,2583892464,LWJ_7_LBJ,@冷淡到冇人有嘅陈生 ,,,,,,,,,
2115,4380992876049093,2019-06-08 19:32:38+08:00,5679383075,奇奇mttt,@CyyyyyC233 抽中了送你 ,,,,,,,,,
2116,4380992271747578,2019-06-08 19:30:15+08:00,6817490298,湛宫_Mmdpue,ps4！ @Pei_world ,,,,,,,,,
2117,4380991772852863,2019-06-08 19:28:16+08:00,3168129755,幽媾丶往生,总归还是支持以下@张更武,,,,,,,,,
2118,4380991730400920,2019-06-08 19:28:06+08:00,2267554337,小徐摸鱼中,奖品什么的其实不重要，咱作为一名游戏爱好者，很想要参加测试，所以如果中了实物奖励就给你好了[doge]@可以喝的旺仔牛奶 ,,,,,,,,,
2127,4380990971347460,2019-06-08 19:25:04+08:00,1800780573,小牛腩_,@Scorpio_陶 有点东西啊 已加入期待清单,,,,,,,,,
2128,4380990338455933,2019-06-08 19:22:33+08:00,6416336130,粉虹小甜甜,米忽悠我踏马吹爆@黑鲨游戏手机  ,,,,,,,,,
2130,4380990237646592,2019-06-08 19:22:09+08:00,1945201681,栗山未来厨,@言·汐月·Kuriyama·Mirai ,,,,,,,,,
2131,4380989859580279,2019-06-08 19:20:40+08:00,7166127421,隔热如图2050,期待米哈游新作@原神 @初号健,,,,,,,,,
2133,4380989457432929,2019-06-08 19:19:04+08:00,2629347667,赤黑零,@八阔平川 [doge]像不像荒野之息[笑而不语],,,,,,,,,
2134,4380989444353128,2019-06-08 19:19:01+08:00,6221569797,野良良良猫,@跑的飞快的HK记者 真的厉害啊,,,,,,,,,
2135,4380989256337785,2019-06-08 19:18:16+08:00,6599357515,猎默人,@齐姜SnowZ  抽一个妹儿,,,,,,,,,
2138,4380988379518266,2019-06-08 19:14:46+08:00,3787386597,show囧囧,@極ws丶振 ,,,,,,,,,
2141,4380988341447940,2019-06-08 19:14:38+08:00,5666278356,佛系月宅,@家里没有矿有炕 ,,,,,,,,,
2143,4380988102285448,2019-06-08 19:13:41+08:00,5666278356,佛系月宅,@家里没有矿有炕,,,,,,,,,
2144,4380987964711868,2019-06-08 19:13:07+08:00,6406964147,我可是会打响指的,@是你的晴嘛 待我抽中请你吃饭,,,,,,,,,
2146,4380987649224298,2019-06-08 19:11:53+08:00,6406964147,我可是会打响指的,@sj戴着眼镜穿球鞋 我想玩这个游戏，，，，,,,,,,,,,
2147,4380987578203511,2019-06-08 19:11:35+08:00,6406964147,我可是会打响指的,@崩坏3 期待,,,,,,,,,
2150,4380986772919751,2019-06-08 19:08:23+08:00,5940583878,PakerANd,@原神 @琪儿属于我 我就只是抽个奖,,,,,,,,,
2151,4380986764369449,2019-06-08 19:08:21+08:00,3237292074,心之所向人之所行,@勿心随心 ,,,,,,,,,
2155,4380986495765055,2019-06-08 19:07:17+08:00,5151017053,小白是腹黑三,@IWILLBETHERE0206 拉低来了,,,,,,,,,
2156,4380986256916305,2019-06-08 19:06:21+08:00,3108384371,勿心随心,@心之所向人之所行 ,,,,,,,,,
2157,4380986198680395,2019-06-08 19:06:06+08:00,2028081812,鲜肉腊八饭,@终焉斩鬼Gear丶 来玩塞尔达,,,,,,,,,
2158,4380986177328496,2019-06-08 19:06:02+08:00,2889497597,絢瀨繪里里,@某科学的cc君 lei了,,,,,,,,,
2160,4380986080865770,2019-06-08 19:05:39+08:00,6341734721,天都幽兰,@RDQAQ,,,,,,,,,
2164,4380985393009842,2019-06-08 19:02:54+08:00,3207896175,真王国之心,@ciciqiqi 我是冲奖品来的。,,,,,,,,,
2166,4380985125032743,2019-06-08 19:01:51+08:00,5662453495,Wu_S_Jie,抄你🐴呢，天天抄抄抄，抄完宝可梦开始抄塞尔达了？中国老老实实出几个像守护者这样的游戏这么难吗，天天说支持国创，就这样子谁会去支持？8说了，艾特一下东半球最强法务部@任天堂香港有限公司 ,,,,,,,,,
2168,4380985099174925,2019-06-08 19:01:45+08:00,1814845935,不死的八雲,zhichi[喵喵]@笑宝宝是个好姑娘,,,,,,,,,
2173,4380984222500837,2019-06-08 18:58:16+08:00,5773759830,Envy冫,@原神 @陈致逸 为了陈老师,,,,,,,,,
2175,4380984054822033,2019-06-08 18:57:36+08:00,5476926033,藏剑山庄许愿池,@小不点的幸福生活01 PS4,,,,,,,,,
2180,4380982624846263,2019-06-08 18:51:55+08:00,5482627049,哀虎菌,[doge]@Lingdongleidou  我觉得我可以,,,,,,,,,
2181,4380982209683161,2019-06-08 18:50:16+08:00,5384377410,多幸运在这里,@大狗不是狗呀  [费解],,,,,,,,,
2182,4380982007841420,2019-06-08 18:49:28+08:00,5524112191,此世魅影,@CG插画控,,,,,,,,,
2183,4380981924024931,2019-06-08 18:49:08+08:00,2102130180,周笑穿,@南城三里 ,,,,,,,,,
2184,4380981663903782,2019-06-08 18:48:06+08:00,1718115964,bozi_Wong,虽然看pv很像塞尔达，不过还是买饱@o0璇璇0o ,,,,,,,,,
2197,4380981312286806,2019-06-08 18:46:41+08:00,2907368425,V灬杰,@狼姬不是変態  打机了,,,,,,,,,
2199,4380980984810887,2019-06-08 18:45:23+08:00,2338931173,脸俊菌,@大脸的小辫儿 想要码🙏,,,,,,,,,
2200,4380980741436385,2019-06-08 18:44:25+08:00,3824498628,Crazykara,@山主-Y,,,,,,,,,
2202,4380980288590774,2019-06-08 18:42:37+08:00,5512428950,别烦我在抢饭,@智齿魚· 🐟哥能中我也能中,,,,,,,,,
2205,4380980053919485,2019-06-08 18:41:42+08:00,1493133791,蓝色格zi,@冰团咩-懒癌弃治修仙了,,,,,,,,,
2207,4380980049214586,2019-06-08 18:41:40+08:00,2491886033,口袋小胖,@红烧麻辣烫 ,,,,,,,,,
2208,4380979999208966,2019-06-08 18:41:28+08:00,5898001363,手办狂魔嬴政等身赛高,@Ccdiao 来抽奖，超级期待,,,,,,,,,
2209,4380979835313855,2019-06-08 18:40:50+08:00,5471195544,骂人兔兔成大V,@我斑某人啊,,,,,,,,,
2210,4380979701038358,2019-06-08 18:40:17+08:00,2881327623,信号发射biu,@我不想再脱发啦 ,,,,,,,,,
2214,4380978631901154,2019-06-08 18:36:02+08:00,1905138362,yinglianqiang,@魔都长阳路小霸王 支持和奖品安排一下,,,,,,,,,
2218,4380978254192800,2019-06-08 18:34:32+08:00,2193840430,行走不回头,@boddy_dell ,,,,,,,,,
2219,4380977952654538,2019-06-08 18:33:21+08:00,6438008891,愚笨海豚IRUKA,@伪善的屑 关注一下这个,,,,,,,,,
2222,4380977583512481,2019-06-08 18:31:52+08:00,3219039394,顾忌_Vino,@-甫九- ,,,,,,,,,
2224,4380977499892349,2019-06-08 18:31:32+08:00,1609121510,_SCarLetII,@塔巴沟 这是端游还是手游！？,,,,,,,,,
2225,4380977469766021,2019-06-08 18:31:26+08:00,3502904900,WatabeKageki,@十点五十二 小芒果保佑我中奖吧么么哒！,,,,,,,,,
2226,4380977335822807,2019-06-08 18:30:54+08:00,1962229171,c不吃夜宵,@小商今天减肥了吗 ,,,,,,,,,
2230,4380976752600659,2019-06-08 18:28:35+08:00,1218281725,馀妍,@药星sama [费解][费解][费解],,,,,,,,,
2232,4380976601490828,2019-06-08 18:27:58+08:00,1788452257,Darius木易三页,@我是傲娇的小姑娘  来了来了,,,,,,,,,
2233,4380976391789298,2019-06-08 18:27:08+08:00,2035064831,蔷薇真是rose,@木木的头 看看有没有机会买电视,,,,,,,,,
2234,4380976383765187,2019-06-08 18:27:07+08:00,5536995923,阿育的土豆粉,林克传说莱了@崩坏3,,,,,,,,,
2235,4380976316373948,2019-06-08 18:26:50+08:00,5487771921,Pillow_bat,@Shadow-201201 ,,,,,,,,,
2236,4380976224520881,2019-06-08 18:26:29+08:00,5364082494,八雲雲_,卧槽，这个宣传？？请加大力度@我就叫紫妈怎么惹 ,,,,,,,,,
2237,4380976110935989,2019-06-08 18:26:02+08:00,1699374192,Mr小輝,@微博钱包 [吃瓜][吃瓜],,,,,,,,,
2239,4380975976574574,2019-06-08 18:25:29+08:00,2466742174,_真夏夜夜_,@复方晚公子 原神 原神,,,,,,,,,
2240,4380975884628370,2019-06-08 18:25:07+08:00,5124604982,以后再看海ba,某传说的即视感也太强了吧[污][污]@0平幸0 ,,,,,,,,,
2245,4380975707983494,2019-06-08 18:24:25+08:00,3782381632,苏谛斯厨,@任天堂香港有限公司,,,,,,,,,
2247,4380975402284497,2019-06-08 18:23:13+08:00,1689756673,能不能跪下来听我道歉,@Arthassslee ,,,,,,,,,
2254,4380974781412556,2019-06-08 18:20:44+08:00,6859563187,时间拉津斯基,@洛奇Mabinogi ,,,,,,,,,
2257,4380974622091550,2019-06-08 18:20:06+08:00,5401390673,尘归尘封,@原神 ,,,,,,,,,
2258,4380974559263306,2019-06-08 18:19:51+08:00,5774018102,丶初璃丶,@Fooooooooo星 ,,,,,,,,,
2261,4380974349463106,2019-06-08 18:19:01+08:00,2231647845,神奇霸王炮竹,@巴里贝贝爱吃菇菇 城市生活,,,,,,,,,
2266,4380973770235862,2019-06-08 18:16:44+08:00,1646073133,红玉胤紫,@我可能养了五只猫 ,,,,,,,,,
2267,4380973435398922,2019-06-08 18:15:23+08:00,2370011260,无力小海浪,@Jeffsing的雨儿 试试运气,,,,,,,,,
2270,4380973309372028,2019-06-08 18:14:53+08:00,6713223463,第一个号被云吞了,喵喵喵？@小六的妙脆角 看看？,,,,,,,,,
2272,4380973069940700,2019-06-08 18:13:56+08:00,1848519814,屎迪G,@开始自闭的九啾 [草泥马][草泥马][草泥马],,,,,,,,,
2274,4380972860466037,2019-06-08 18:13:07+08:00,1914835762,饼玉玉,@饼玉玉：没玩过游戏的  去b站看看塞尔达旷野之息pv就明白了  这个pv都是抄的哦[太开心],,,,,,,,,
2276,4380972348591740,2019-06-08 18:11:04+08:00,2100363634,Vivi___ZHOU要好好读书,@不爽貓先森 蹭你运气,,,,,,,,,
2278,4380970730088722,2019-06-08 18:04:38+08:00,5536841990,猫咪爱吃鱼嗯啊,抄袭原神的人找到了@任天堂香港有限公司,,,,,,,,,
2279,4380970100359498,2019-06-08 18:02:09+08:00,5253391802,姜桃的杂货铺,@范洪没了宇 ,,,,,,,,,
2285,4380969455146942,2019-06-08 17:59:34+08:00,5504387639,鸥叽叽叽,这个游戏biss嗷[嘻嘻]谁想玩速度拉黑我，不然我骂死你[太开心]@原神 谁和我一起骂我们就是异父异母的亲姐妹,,,,,,,,,
2286,4380969341736061,2019-06-08 17:59:07+08:00,5657315980,今夕ssss,@二小一木川 林克，你醒啦,,,,,,,,,
2289,4380968142208503,2019-06-08 17:54:21+08:00,1808680850,菜刀温暖V5,@a_2238278771 ,,,,,,,,,
2290,4380968053860035,2019-06-08 17:54:01+08:00,5335963330,水煮牛肉鱼片,最近正在研究这个shader@刘伟ID ,,,,,,,,,
2291,4380968020625490,2019-06-08 17:53:53+08:00,6730726751,八戒独爱美人,好期待@新手指南 ,,,,,,,,,
2293,4380967457883062,2019-06-08 17:51:38+08:00,5645487510,千夏丶凉惠,@夜樱丶空 ,,,,,,,,,
2294,4380966670071048,2019-06-08 17:48:31+08:00,3624864041,告I别I微I博I,转起来嗷❤️@pikachu就是皮卡丘 ,,,,,,,,,
2297,4380966413436846,2019-06-08 17:47:30+08:00,7117220157,一切尽在计算之中,@Mr_唯心而已 我就是来抽游戏机的,,,,,,,,,
2299,4380966052949983,2019-06-08 17:46:04+08:00,3687345007,顶头有神罩,@动机要纯洁 继续肝起来,,,,,,,,,
2303,4380965579329926,2019-06-08 17:44:11+08:00,2240307211,门前大桥下游过一群唐老鸭,@是张小莫吖 ,,,,,,,,,
2305,4380965264962927,2019-06-08 17:42:55+08:00,2145392114,Alery若梦梦,@GEKiSUMi 抽！我！啊！,,,,,,,,,
2306,4380965054965377,2019-06-08 17:42:06+08:00,5967912149,峰林地貌leon,@Piusd 看看,,,,,,,,,
2310,4380964022857532,2019-06-08 17:37:59+08:00,2931541195,我今天学吉他画画日语Coding了吗,@不要叫我温蒂 ,,,,,,,,,
2311,4380963003458579,2019-06-08 17:33:57+08:00,2298915524,拿俩火烧,@nlhsmkt_399 ,,,,,,,,,
2328,4380962458303131,2019-06-08 17:31:47+08:00,2941219672,anty神,@谦谦俊子丶 [哈哈][哈哈][哈哈][赞啊][赞啊][赞啊][赞][赞],,,,,,,,,
2330,4380962329182966,2019-06-08 17:31:15+08:00,5608947951,银八酱的坏笑,@茶几动漫社 好！,,,,,,,,,
2334,4380961418146369,2019-06-08 17:27:39+08:00,3479679020,言葉_sakura,@钰不是玉米的玉 ps4是我的嗷,,,,,,,,,
2336,4380961330136361,2019-06-08 17:27:17+08:00,1657371107,thewonder,@MO姐MO姐  转发一个[灭霸],,,,,,,,,
2338,4380960701117145,2019-06-08 17:24:48+08:00,6084399922,qwqwq6084399922,@iPlay爱流行频道,,,,,,,,,
2339,4380960457627568,2019-06-08 17:23:50+08:00,3303268025,-烔妖-,@交流障碍的无用废宅 ,,,,,,,,,
2343,4380960260938312,2019-06-08 17:23:03+08:00,1677353867,阿汛吗,@柚_梓  玩起来,,,,,,,,,
2344,4380960172529719,2019-06-08 17:22:41+08:00,1664996264,把记忆结成冰zz,@爱奇艺游戏 很给力,,,,,,,,,
2346,4380959635448678,2019-06-08 17:20:34+08:00,6774985271,薛定谔的摸鱼佬,@任天堂香港有限公司 阿港你康康啊,,,,,,,,,
2350,4380959300137688,2019-06-08 17:19:13+08:00,5689275464,Askalon233,@Denessa233 [微笑],,,,,,,,,
2352,4380959032031567,2019-06-08 17:18:09+08:00,1408236792,毛毛熊abc,@任天堂香港有限公司 在？为什么坐时光机抄袭原神！？不怕米哈游告你们吗,,,,,,,,,
2353,4380959014993166,2019-06-08 17:18:05+08:00,2285887035,mohadu,@软国1504杜一帆 画风我很喜欢的类型,,,,,,,,,
2355,4380958834710373,2019-06-08 17:17:23+08:00,1636087610,最猪儿,@卢诗翰,,,,,,,,,
2358,4380958687656005,2019-06-08 17:16:48+08:00,1408236792,毛毛熊abc,@任天堂香港有限公司,,,,,,,,,
2359,4380958532363723,2019-06-08 17:16:10+08:00,5644318652,咯烙珞络骆洛丽塔,@东tori ,,,,,,,,,
2363,4380958117507693,2019-06-08 17:14:32+08:00,5118951000,BZyaaa,@本子呀不谈 ,,,,,,,,,
2365,4380958045974552,2019-06-08 17:14:15+08:00,5658693137,与名为现实的怪物战斗的L,@Ra1nbowKk 憨憨來看看，是可以免费游玩的塞尔达荒野幻想[闭嘴],,,,,,,,,
2367,4380957920131903,2019-06-08 17:13:45+08:00,2130826290,胡同酱肉,@天天都爱吃西瓜 支持国产游戏,,,,,,,,,
2372,4380956917547227,2019-06-08 17:09:46+08:00,6536796210,迷花物语X,[doge]有点东西@油兔音乐 ,,,,,,,,,
2373,4380956859307434,2019-06-08 17:09:32+08:00,5658693137,与名为现实的怪物战斗的L,@沉沦的漫漫漫迷 ,,,,,,,,,
2374,4380956686842882,2019-06-08 17:08:51+08:00,2078617311,油兔音乐,[doge]可以可以@迷花物语X ,,,,,,,,,
2375,4380956582247977,2019-06-08 17:08:26+08:00,5597600586,忠叔叔丶,@安娴mm 牛逼,,,,,,,,,
2378,4380956225441161,2019-06-08 17:07:01+08:00,5638064987,黑青城鵺,@有花纹的雲_  期待期待,,,,,,,,,
2380,4380955760058159,2019-06-08 17:05:09+08:00,5122468491,大仪最英俊,@知米背单词  给我中！,,,,,,,,,
2382,4380955680543765,2019-06-08 17:04:51+08:00,5122468491,大仪最英俊,@原神  给我中！,,,,,,,,,
2384,4380955051165482,2019-06-08 17:02:20+08:00,3735012437,Julian_璟,从pv看有塞尔达传说的感觉，画面方面我觉得不错，我感觉中国现在不缺原画好的画师，主要就是看游戏渲染得好不好了。还有就是游戏性相比画质更重要，因为人或许会审美疲劳，但玩游戏的原动力就应该是在于玩法上能让人感觉到趣味十足。@kelokeloo 进来看游戏pv顺便抽ps4...[坏笑][吃瓜],,,,,,,,,
2386,4380954506129357,2019-06-08 17:00:11+08:00,5454853584,胡开心zz,@Nicetomeetyou10年老友 哇,,,,,,,,,
2387,4380954422524295,2019-06-08 16:59:50+08:00,3412646894,在看什么阿,@当个混子 ,,,,,,,,,
2394,4380954023460264,2019-06-08 16:58:16+08:00,6599654151,只活到二零二零年十二月三十一日,啊啊啊啊阿@无脑科学家 ,,,,,,,,,
2395,4380953919119568,2019-06-08 16:57:51+08:00,3173685650,ethel_rabbit,@任天堂香港有限公司 出来干活啦,,,,,,,,,
2396,4380953386402381,2019-06-08 16:55:43+08:00,5323180746,W-21-End,@任天堂香港有限公司,,,,,,,,,
2400,4380952191343025,2019-06-08 16:50:58+08:00,2264881065,SiufayK,@鹏鹏Jepson  观望,,,,,,,,,
2403,4380951566548685,2019-06-08 16:48:30+08:00,2131647207,萌纸,@不明所以的理智子 想玩！ ！,,,,,,,,,
2405,4380951284571646,2019-06-08 16:47:23+08:00,6308076792,金属古菌,既视感是很强，虽然三蹦子抄遍了全世界，但原神我想再看看……@西奥多为此,,,,,,,,,
2407,4380950819407109,2019-06-08 16:45:32+08:00,3643084797,丨汉化丨,@青空花间释 @PS4俱乐部 ,,,,,,,,,
2409,4380950735582670,2019-06-08 16:45:12+08:00,1986147325,见猪师,@没有什么能比晓宇更棒了,,,,,,,,,
2438,4380948072174215,2019-06-08 16:34:37+08:00,1698924032,丨Sternen丨,@苦逼薩哥 为了PS4 pro[doge],,,,,,,,,
2440,4380948026530093,2019-06-08 16:34:26+08:00,3992917151,旅行中的白羊,有点像塞尔达？@栏外梨花 ,,,,,,,,,
2442,4380947677804354,2019-06-08 16:33:03+08:00,3318331610,蒸汽溺亡,@你说我的牛粪头怎么了 先来看这个,,,,,,,,,
2446,4380946725840329,2019-06-08 16:29:16+08:00,3310211094,JHL_Dedicated,@普莱米亚姆 ,,,,,,,,,
2449,4380946557727695,2019-06-08 16:28:36+08:00,1639952374,盛夏的野兽_,@KafkaOnTheShoreee,,,,,,,,,
2455,4380945857133277,2019-06-08 16:25:48+08:00,2654346061,Khalil-Young,塞尔达精神续作，米哈游倾力制作，会玩塞尔达野吹就会玩的船新游戏，不用天天捧着又大又笨的思维奇，手机就能冲起来了臭弟弟！[嘻嘻]@Murmurma ,,,,,,,,,
2458,4380945605470152,2019-06-08 16:24:49+08:00,6018227096,刚好被讨厌的香辣酱,@我没有微博好友[允悲],,,,,,,,,
2478,4380944649227709,2019-06-08 16:21:00+08:00,6090239182,鱼人船,丢人玩意。有请@任天堂香港有限公司,,,,,,,,,
2480,4380944246762245,2019-06-08 16:19:25+08:00,5303236318,胡莱的右手,@原神 @毅-MinSod 赶脚还是得有个好肝才行呀。,,,,,,,,,
2481,4380944129072592,2019-06-08 16:18:57+08:00,1650555760,养猫少年-阿晨,我本来对你们米哈游还挺有好感的  这个视频看得我是一个劲的皱眉头  你动作抄  怪物抄  我都忍了  你们TM连一个pv都舍不得做？？！  连TM的世界观设计原封不动  照搬不误   米哈游你们真可以 @任天堂香港有限公司 可以给你们法务部找点活干了,,,,,,,,,
2482,4380944083095960,2019-06-08 16:18:45+08:00,2407154950,玖叶有夜酒,@_Hiutong 期待！！！,,,,,,,,,
2483,4380943470906459,2019-06-08 16:16:20+08:00,6320749775,嗜血重矛,@米哈游miHoYo 希望能有点自己的东西吧,,,,,,,,,
2485,4380943001165824,2019-06-08 16:14:28+08:00,6050467588,离马路,@新手指南,,,,,,,,,
2486,4380942468711768,2019-06-08 16:12:20+08:00,2687160981,忧观眼下,@维稳先锋卡菊轮 有兴趣？,,,,,,,,,
2491,4380941960962676,2019-06-08 16:10:19+08:00,1900768291,Chen_Sn,@牧云流觞 玩了这么久崩崩崩，还是支持一下吧,,,,,,,,,
2495,4380941276990409,2019-06-08 16:07:36+08:00,3639860332,懈怠DI猫_远征封港ing,@舰R宿舍bot 关注一下,,,,,,,,,
2496,4380940819921214,2019-06-08 16:05:48+08:00,5074005172,璎珞萌萝Magenta-长期疯癫中,@含C的Fe  来看戏，不过说真的风格相似都能理解....这动作和PV宣传都.........,,,,,,,,,
2497,4380940782308282,2019-06-08 16:05:39+08:00,1571424187,ShadowMurlong,@何焱煜天天天天天努力练腹肌 ,,,,,,,,,
2498,4380940699070002,2019-06-08 16:05:19+08:00,6307841204,Lineisbusy,@如阿扑川-阿川 ,,,,,,,,,
2501,4380940429838155,2019-06-08 16:04:15+08:00,6885206725,潇潇雪_,@_君莫愁丶 ,,,,,,,,,
2504,4380939934944118,2019-06-08 16:02:16+08:00,1724121684,一吉desu,@sheety 米忽悠出新游叻,,,,,,,,,
2505,4380939889008965,2019-06-08 16:02:06+08:00,3719144523,十七号HOAP,太草了@才不是路痴呢 ,,,,,,,,,
2506,4380939478065344,2019-06-08 16:00:28+08:00,1777250395,_楪_,可以说是相当期待了[doge]@高云大大 @宫吧Hentai ,,,,,,,,,
2508,4380939080138773,2019-06-08 15:58:53+08:00,5247828670,_大大大大大柚子_,@柚子酱夫  [幻视],,,,,,,,,
2510,4380938974998848,2019-06-08 15:58:28+08:00,1864605712,恍光,@鼬推 和塞尔达好像,,,,,,,,,
2515,4380937250587762,2019-06-08 15:51:37+08:00,5515382072,万叶飞花流丶,@一只diamond猴 ,,,,,,,,,
2516,4380936906723398,2019-06-08 15:50:14+08:00,5642536016,牛批熊,@任天堂,,,,,,,,,
2521,4380936579399169,2019-06-08 15:48:56+08:00,5356975494,让我化身锦鲤叭,@岛田麋鹿君 ,,,,,,,,,
2522,4380936436759246,2019-06-08 15:48:22+08:00,1632707542,誓约胜利之王,@崔凯的BLOG 哦嚯,,,,,,,,,
2524,4380936185576224,2019-06-08 15:47:22+08:00,6296161720,Jx188170708,@ACRTEST ,,,,,,,,,
2525,4380936088700996,2019-06-08 15:47:00+08:00,5783344927,失眠折磨王,@崂山道士长 来,,,,,,,,,
2528,4380935728026639,2019-06-08 15:45:33+08:00,6134888876,秋刀青花鱼,@F号画手 许愿,,,,,,,,,
2622,4380933769393005,2019-06-08 15:37:46+08:00,3355403970,这幸运的一年,@魂迹人生JY ,,,,,,,,,
2624,4380933463518027,2019-06-08 15:36:34+08:00,1652046253,亜空間遊泳,@任天堂香港有限公司,,,,,,,,,
2625,4380933333813349,2019-06-08 15:36:03+08:00,6430877404,今天逗逗光烙印了吗,@小恶灵爱养乐多,,,,,,,,,
2626,4380933291554725,2019-06-08 15:35:53+08:00,5696995042,EGWilson,@AzureSongs 请给我整一个,,,,,,,,,
2628,4380933258444803,2019-06-08 15:35:45+08:00,5971823566,被宽恕的菜狗,@请你把我扶住 ,,,,,,,,,
2633,4380932624424185,2019-06-08 15:33:14+08:00,5290675340,在下葉孤城,@自然卷丶zzz  喔,,,,,,,,,
2634,4380932604030557,2019-06-08 15:33:08+08:00,5643201595,紫菜包饭a_,@嗷傲敖獒熬廒   一起冲,,,,,,,,,
2663,4380931496241023,2019-06-08 15:28:44+08:00,3628278183,江沢喵子,@FGOWIKI ,,,,,,,,,
2665,4380931391199619,2019-06-08 15:28:19+08:00,5997562674,啊啵呲嘚叽嘁嘻,@省钱微联盟 [委屈],,,,,,,,,
2667,4380931215101355,2019-06-08 15:27:37+08:00,5403523615,黑疯佬先生,@CGH的欢子 赶紧买爆,,,,,,,,,
2725,4380930125145815,2019-06-08 15:23:18+08:00,6275370311,冰皮酥,一等奖不送switch吗[二哈]@小梨涡ovo,,,,,,,,,
2726,4380929998503397,2019-06-08 15:22:48+08:00,7185098377,哇咔咔11647,mihoyonb 希望得到一个。@原神,,,,,,,,,
2727,4380929734837986,2019-06-08 15:21:44+08:00,5292258150,臭瓜12136,@闇墮型七月 @萌萌的暗夜菌 学姐借我欧气[二哈],,,,,,,,,
2728,4380929701018659,2019-06-08 15:21:37+08:00,3812775936,我家小鼠在屯粮,@三千凤华 怕是带不动呀,,,,,,,,,
2730,4380929478898478,2019-06-08 15:20:44+08:00,2479698201,啊咧可以改名字,@布丁娘,,,,,,,,,
2732,4380929357359243,2019-06-08 15:20:15+08:00,6045636834,天天向上也要天天开心,@猜猜我又几颗糖 [胖丁微笑],,,,,,,,,
2734,4380929113774073,2019-06-08 15:19:17+08:00,5961848447,_Fus_s,@任天堂香港有限公司 干活了[摊手],,,,,,,,,
2736,4380928841310756,2019-06-08 15:18:12+08:00,3516415392,ChinaEX123,@阿卡TAROT [太开心],,,,,,,,,
2739,4380928287433170,2019-06-08 15:16:00+08:00,1750883000,暂时冧唔到冧到话你知,@国产小丸子 ,,,,,,,,,
2742,4380928095000848,2019-06-08 15:15:13+08:00,1777717613,moeaya,@yurikite 分母,,,,,,,,,
2744,4380927976902266,2019-06-08 15:14:45+08:00,5719108329,寒尽减衣,@Yluth 一起来,,,,,,,,,
2747,4380927683910927,2019-06-08 15:13:36+08:00,2935978633,江苟之Djangoss,nmd任天堂还是逃不过被抄袭的命运@金皮卡灬閃閃 ,,,,,,,,,
2749,4380927582588735,2019-06-08 15:13:11+08:00,6345657731,223星人63546,啥都不求就求一个测试资格qwq@崩坏3 ,,,,,,,,,
2752,4380926370437156,2019-06-08 15:08:23+08:00,6867555078,Jessie是条女汉纸,@暂时冧唔到冧到话你知 @鱼毛163 ,,,,,,,,,
2753,4380926324591040,2019-06-08 15:08:11+08:00,7074417588,我再也不氪了,@音波酱拌饭 我我我,,,,,,,,,
2760,4380925527468960,2019-06-08 15:05:02+08:00,5721898521,口吐芬芳芬芳侠,@郑合惠子 给我力量吧！！,,,,,,,,,
2763,4380925264083615,2019-06-08 15:03:59+08:00,3180346162,AMG爱无缓存SONY,@爱吃两块一素粉的小哥哥 [酸],,,,,,,,,
2766,4380924915097942,2019-06-08 15:02:36+08:00,6064185675,B站-miku桑,@原神 超赞啊啊啊!,,,,,,,,,
2767,4380924886503298,2019-06-08 15:02:29+08:00,1627375110,狂乱贵公子,万一@醉眼看人贱   谁没有个手机呢,,,,,,,,,
2774,4380924445374976,2019-06-08 15:00:44+08:00,2072683252,lihua不会写作文,我tm氪爆[憧憬]@marvin_1,,,,,,,,,
2775,4380924420315301,2019-06-08 15:00:38+08:00,3612982472,等等还想再等一等,@第三方的撒多少 这个是单机还是连网的?,,,,,,,,,
2779,4380924198016900,2019-06-08 14:59:45+08:00,1765337557,DDDDDlno,边抄边加了很多新的，光看pv还是很舒服的。希望能讲好自己的故事。//@游民星空: 米哈游新作《原神》序章PV公布！,,,,,,,,,
2780,4380924055232682,2019-06-08 14:59:11+08:00,1316766957,逆风期多赚少花-aP,@AMG爱无缓存SONY [赞][doge],,,,,,,,,
2782,4380923551880462,2019-06-08 14:57:11+08:00,6215910697,50还没到,[笑cry]相比PS4还是更想要内测资格@喝茶的汉堡 ,,,,,,,,,
2783,4380923413443036,2019-06-08 14:56:38+08:00,1597459081,果茶woye,@任天堂香港有限公司  今天阿港周六也得加班了呢,,,,,,,,,
2784,4380923283400279,2019-06-08 14:56:06+08:00,2859678342,福尔摩斯爱摸鱼,@莜莜柚子 ,,,,,,,,,
2785,4380923145645719,2019-06-08 14:55:33+08:00,5414476903,V29822,@蓝宝科技官方微博 ,,,,,,,,,
2786,4380923124647200,2019-06-08 14:55:29+08:00,3355463922,就想安安静静玩单机,啊@Eririrrrrr ,,,,,,,,,
2787,4380922978150884,2019-06-08 14:54:53+08:00,5951852957,枳酒星沉,一年前因为渣机带不动崩3弃坑了 换新手机之后也没再外 新作还是要支持下@不会取名真是抱歉啦 ,,,,,,,,,
2789,4380922683601559,2019-06-08 14:53:44+08:00,1908089820,大杜老师15,@哈哈普拉图 @我是一颗没有感情的汤圆,,,,,,,,,
2790,4380922365319763,2019-06-08 14:52:27+08:00,2078109741,ksqc_,@River瑞_ 抽奖抽奖！,,,,,,,,,
2794,4380922021575267,2019-06-08 14:51:06+08:00,2595563771,三汪i,@疏星流云皆知 我的了,,,,,,,,,
2795,4380921740667562,2019-06-08 14:49:58+08:00,6123930799,GZrea丨,@这只是一个废物[吃瓜],,,,,,,,,
2796,4380921677674816,2019-06-08 14:49:43+08:00,6361614414,撕了一个葱,@独爱的小妖 期待,,,,,,,,,
2797,4380921518507888,2019-06-08 14:49:06+08:00,5351285191,振Bryant,@脸很白的 ,,,,,,,,,
2799,4380921077674872,2019-06-08 14:47:21+08:00,1858734533,EverRays_,@暴娇小王子 手机版塞尔达啊这是…,,,,,,,,,
2800,4380921069270067,2019-06-08 14:47:19+08:00,3838648955,手握一只小秋,@糟糕lqqqqqqq ,,,,,,,,,
2801,4380920968328938,2019-06-08 14:46:55+08:00,5746560945,铭骨以终身,@居然居居 ,,,,,,,,,
2802,4380920956517181,2019-06-08 14:46:51+08:00,2612057145,墨妖喵,@任天堂香港有限公司 有人抄袭荒野之息,,,,,,,,,
2803,4380920905611806,2019-06-08 14:46:40+08:00,5534541222,风暴击倒树,有点像龙之谷@超鬼的,,,,,,,,,
2804,4380920847072817,2019-06-08 14:46:26+08:00,5685467934,美录坦,@蒙面超人任天狗 阿狗这波操作如何评价[思考],,,,,,,,,
2805,4380920842508506,2019-06-08 14:46:25+08:00,6915659083,入箱庭,@悼溪瞳 让我中奖好吗,,,,,,,,,
2807,4380919525645974,2019-06-08 14:41:11+08:00,6331215823,一袋米要抗几楼1袋米要抗2楼,@我知道我多余丶 看起来很好玩啊,,,,,,,,,
2809,4380919332385159,2019-06-08 14:40:25+08:00,1598008330,FatMan_久,@悠闲胖子,,,,,,,,,
2810,4380919206559150,2019-06-08 14:39:54+08:00,3502324314,凤凰院凶奔,@狂战小子LV 来玩,,,,,,,,,
2811,4380919034897855,2019-06-08 14:39:13+08:00,1805705875,黄金鲤鱼王_magicarp,@Gracias__a 米哈游的技美大佬是真的六批,,,,,,,,,
2812,4380918845908779,2019-06-08 14:38:28+08:00,6334275225,_秋天的童话-,@米米米立粒 抽我！,,,,,,,,,
2814,4380918649335371,2019-06-08 14:37:42+08:00,6334275225,_秋天的童话-,@米米米立粒 抽我呀,,,,,,,,,
2815,4380918447992469,2019-06-08 14:36:54+08:00,6075171597,耀夜姬sama,@崩坏3 ,,,,,,,,,
2816,4380918422550045,2019-06-08 14:36:48+08:00,2005413197,微笑与暖风,@Silent丶风云 ,,,,,,,,,
2818,4380918233916943,2019-06-08 14:36:02+08:00,1683698097,Allen-Z,@我也长点儿心吧 @原神 ,,,,,,,,,
2819,4380918204907336,2019-06-08 14:35:56+08:00,2876088000,控制想控制情绪的情绪,@_Soboring 玩新手游,,,,,,,,,
2820,4380917781283200,2019-06-08 14:34:15+08:00,5511882787,Regis_,@任天堂香港有限公司 阿港干活了,,,,,,,,,
2822,4380917495713784,2019-06-08 14:33:06+08:00,5651240229,suika930224,看起来挺不错~预约一波@胖胖哥哥怪蜀黍,,,,,,,,,
2825,4380916186625895,2019-06-08 14:27:55+08:00,3376056950,FellowHig,@Alis叮叮铛儿 借来用用,,,,,,,,,
2826,4380916161874640,2019-06-08 14:27:48+08:00,6509755272,废萌GhoRab,有PC版还行@沉迷美琴 ,,,,,,,,,
2828,4380915767526738,2019-06-08 14:26:15+08:00,3349105702,kerorodororo,@_大大大大大柚子_ ,,,,,,,,,
2829,4380915645890237,2019-06-08 14:25:46+08:00,1186512245,kirasaya,@四时唯我  美工不错，不过确实很像塞尔达的感觉,,,,,,,,,
2831,4380915448505309,2019-06-08 14:24:59+08:00,5986039951,仓鼠王DYX,@这妹子好漂亮 ,,,,,,,,,
2834,4380914391485921,2019-06-08 14:20:47+08:00,5874474039,孤独地行走着,@请叫我优雅的白夫人 等等看看,,,,,,,,,
2838,4380912617352136,2019-06-08 14:13:44+08:00,2593911752,鱼蛋欧巴,牛逼@窮到無人要,,,,,,,,,
2840,4380912483129216,2019-06-08 14:13:12+08:00,1882046354,肥对行,@crufbr3eeccrcucn,,,,,,,,,
2842,4380912131468601,2019-06-08 14:11:48+08:00,2492189114,魔法少女露米娅,@恋恋酱 ,,,,,,,,,
2844,4380911740800136,2019-06-08 14:10:15+08:00,1677158044,HaaiHaaiHaai,@HellonmbdKity 哇塞,,,,,,,,,
2876,4380911539656517,2019-06-08 14:09:26+08:00,6336142821,l昵称不可用lll,我要玩这个游戏[二哈]@_楊小姐希齐宏 ,,,,,,,,,
2877,4380911351482209,2019-06-08 14:08:41+08:00,6242089783,让你看到肥宅我很抱歉,@基廉列科630    ps4！,,,,,,,,,
2878,4380911329997468,2019-06-08 14:08:36+08:00,3540906720,v支架v,米忽悠牛逼@正规好奶大淀 @浓密的提督又被帅醒 ,,,,,,,,,
2879,4380911124254104,2019-06-08 14:07:48+08:00,5493319838,阿华甜z,@微偷LZT 嘻嘻嘻,,,,,,,,,
2881,4380910650582504,2019-06-08 14:05:54+08:00,2642759204,忍者神龟Jackson,@番番番小小茄 ,,,,,,,,,
2882,4380910616722240,2019-06-08 14:05:46+08:00,5760284148,朝丝而雪飘,加油啦，冲冲冲@丘ballboom你妹,,,,,,,,,
2885,4380910553681423,2019-06-08 14:05:32+08:00,2956163590,一夜镜秋,期待@FinnVinnet ,,,,,,,,,
2895,4380910214445258,2019-06-08 14:04:11+08:00,2098711970,陳陈陈C__,@anananan帮,,,,,,,,,
2896,4380910176183804,2019-06-08 14:04:02+08:00,5488097974,逍遥过去了,看上去很好玩啊[爱你] @小杰00093,,,,,,,,,
2897,4380910109343153,2019-06-08 14:03:45+08:00,2486717304,楚云深不知处,@一只北辰辰_ 来啦,,,,,,,,,
2898,4380910000957383,2019-06-08 14:03:19+08:00,2010583501,英灵丘比,@MIUI,,,,,,,,,
2902,4380909665376397,2019-06-08 14:01:59+08:00,2377311570,萝莉控的wd,@崩坏3 ,,,,,,,,,
2904,4380909459249614,2019-06-08 14:01:10+08:00,5708372046,四季天迟,@佳乐楽樂 ,,,,,,,,,
2906,4380909367014048,2019-06-08 14:00:49+08:00,6247645798,猪吃海参,有意思哦，快来玩[馋嘴][馋嘴][馋嘴]@noomenuJ ,,,,,,,,,
2907,4380909354395192,2019-06-08 14:00:45+08:00,3744216101,入魔轻风,@信小呆 [doge],,,,,,,,,
2908,4380908818244509,2019-06-08 13:58:38+08:00,2435401163,寒风雨微,@华为EMUI ,,,,,,,,,
2909,4380908733427221,2019-06-08 13:58:18+08:00,1715740525,馬将军1989,@姬品 ,,,,,,,,,
2910,4380908528002011,2019-06-08 13:57:29+08:00,5220720508,只是link,@似嘲似笑丶似疯似闹 一款即视感满满的游戏，希望只是pv神似，游戏好点[doge],,,,,,,,,
2915,4380907979101083,2019-06-08 13:55:18+08:00,5137020960,Alleri_,@不见了什么的不见猫 mihoyo哦,,,,,,,,,
2918,4380907379327935,2019-06-08 13:52:54+08:00,1776648913,破旧的时光机,@ii阿东啊ii,,,,,,,,,
2919,4380907324928499,2019-06-08 13:52:41+08:00,5448523252,犀利铜锣烧y,@默默RAPG 毁手机,,,,,,,,,
2920,4380907291320630,2019-06-08 13:52:34+08:00,3515501665,不再是用户的用户哦,我应该说点什么好.jpg@KKPinori [doge],,,,,,,,,
2921,4380907207134413,2019-06-08 13:52:13+08:00,6188862690,里川糖,@任天堂香港有限公司 [馋嘴],,,,,,,,,
2922,4380907177270450,2019-06-08 13:52:06+08:00,1088627363,绯色灼眼,@明日方舟Arknights    来个联动吧  万一中了呢,,,,,,,,,
2923,4380907118692496,2019-06-08 13:51:53+08:00,5249416826,比企谷阿华,@夭夭君ww ,,,,,,,,,
2925,4380906800084403,2019-06-08 13:50:36+08:00,1906832171,薛定谔的邻居家的猫,@笛大胖 我的了,,,,,,,,,
2926,4380906661909876,2019-06-08 13:50:04+08:00,6331221241,D罗l,@落雁49944 可以的这个游戏,,,,,,,,,
2927,4380906644773413,2019-06-08 13:50:00+08:00,2669367193,童路Cy,@-系九 抽奖抽奖，期待新游！,,,,,,,,,
2929,4380906402014919,2019-06-08 13:49:02+08:00,3110998433,科学搜查,@剑桥书生 [doge]转发艾特专用热兵器,,,,,,,,,
2930,4380906213365850,2019-06-08 13:48:17+08:00,1831162167,vivi去何方,@不知名的男路人 随便找个人来艾特好了👌这个人是sei我也不晓得[doge],,,,,,,,,
2932,4380905755853091,2019-06-08 13:46:27+08:00,5482444187,Eeeekai,@取个名字贼瓜皮难 ,,,,,,,,,
2934,4380905680185175,2019-06-08 13:46:10+08:00,2750400481,誊朔980,@咯噔胖次,,,,,,,,,
2935,4380905667530054,2019-06-08 13:46:07+08:00,6018732525,oo筋斗云,@孤鹰0828 好玩这个游戏,,,,,,,,,
2936,4380905638111049,2019-06-08 13:46:00+08:00,5362510485,弑殇童话,@风舞雨寄 米哈游的游戏。。。质量是有的，但是太花钱了[笑cry],,,,,,,,,
2951,4380905302414259,2019-06-08 13:44:40+08:00,1787143851,AlanWalk,@起床失败3次 玩玩玩,,,,,,,,,
2952,4380905018034039,2019-06-08 13:43:32+08:00,2139647523,从前有只咩萝poi,@mimihuhukk,,,,,,,,,
2953,4380904523232990,2019-06-08 13:41:34+08:00,5529626798,风火少侠,啦啦啦阿拉@轩子巨2兔 ,,,,,,,,,
2955,4380904321198709,2019-06-08 13:40:45+08:00,5732540928,彦翎千筑,吹爆原神的配乐!@陈致逸 [鼓掌][鼓掌][鼓掌][鼓掌][鼓掌][鼓掌][鼓掌][鼓掌][鼓掌][鼓掌][鼓掌][鼓掌][鼓掌],,,,,,,,,
2956,4380904211962228,2019-06-08 13:40:19+08:00,6039407912,小猪君JoysonChu,@stew千千阙歌xxhw 哭了[跪了],,,,,,,,,
2957,4380903930888756,2019-06-08 13:39:13+08:00,5269456322,灬悠夏曲,@一根筋的菇凉 中！！,,,,,,,,,
2961,4380903713401281,2019-06-08 13:38:21+08:00,3647517993,VVVAz,@任天堂香港有限公司 [doge]干活啦,,,,,,,,,
2967,4380902861535506,2019-06-08 13:34:58+08:00,2095585052,大眼贼让我说话天塌不了,@xypuuenng ,,,,,,,,,
2970,4380902472113527,2019-06-08 13:33:25+08:00,5621696870,珍德食伱鸭,@Misaya若风 嘿嘿嘿,,,,,,,,,
2971,4380902358249989,2019-06-08 13:32:58+08:00,5621696870,珍德食伱鸭,@虎牙楚河 嘿嘿嘿,,,,,,,,,
2972,4380902337306486,2019-06-08 13:32:52+08:00,5621696870,珍德食伱鸭,@丶Victory灬 嘿嘿嘿,,,,,,,,,
2974,4380901817083938,2019-06-08 13:30:48+08:00,5493990581,kaer47,@妖正村长 说好的ps4呢,,,,,,,,,
2976,4380901674638983,2019-06-08 13:30:14+08:00,3317784243,背靠世界的中二鱼,@L丶Sakuya 抽抽抽,,,,,,,,,
2978,4380901653399047,2019-06-08 13:30:09+08:00,5344166774,收音机今天关机了吗,@Ashlor ,,,,,,,,,
2979,4380901444485896,2019-06-08 13:29:19+08:00,5471221813,锦鲤本尊就在这里Koi,@pineapple木樨 ,,,,,,,,,
2981,4380901007741560,2019-06-08 13:27:36+08:00,2213051427,理想未三旬,@奔向春天的蟹黄包 @物种灭绝小能手,,,,,,,,,
3100,4380899111998331,2019-06-08 13:20:04+08:00,2537839470,Allshit,@随风lyn_312,,,,,,,,,
3101,4380899036220492,2019-06-08 13:19:45+08:00,5088964365,Axier97,@the52Hz_whale ,,,,,,,,,
3102,4380899028174202,2019-06-08 13:19:43+08:00,5894865138,PilotDog,@败子白歌 sai原er神da,,,,,,,,,
3103,4380898755464407,2019-06-08 13:18:39+08:00,5290562478,凝调,@G弦篱下 [二哈][二哈][二哈],,,,,,,,,
3104,4380898646427643,2019-06-08 13:18:13+08:00,6760125586,OK禁烟OK,怎么那么像塞尔达@砧板13 ,,,,,,,,,
3107,4380898457783909,2019-06-08 13:17:27+08:00,2018697565,XiaoChoubbb,@2青年尐阿呆 ,,,,,,,,,
3109,4380898436421104,2019-06-08 13:17:23+08:00,1997280012,疯狂的小木人,@EML夕文 最新神作哇！赶紧预约来玩！,,,,,,,,,
3112,4380898058841754,2019-06-08 13:15:52+08:00,2831336297,今天还想更加努力,@奥木染的乌鸦 试试？,,,,,,,,,
3115,4380897996577868,2019-06-08 13:15:38+08:00,5957943234,明归德,@任天堂香港有限公司 [嘻嘻][嘻嘻][嘻嘻],,,,,,,,,
3117,4380897778428270,2019-06-08 13:14:46+08:00,5212537362,Cayde_7,@济医老锤石 ,,,,,,,,,
3119,4380897736255408,2019-06-08 13:14:36+08:00,6608143765,爹回吼毁,@qscdxez 让他,,,,,,,,,
3142,4380897559891413,2019-06-08 13:13:53+08:00,5359746061,咯噔胖次,@誊朔980 米忽悠抽奖了,,,,,,,,,
3143,4380897559887764,2019-06-08 13:13:53+08:00,2081661371,小happy点,@TedChan泰迪 ,,,,,,,,,
3144,4380897455361483,2019-06-08 13:13:28+08:00,3907653284,薯条君不吃鱼,@_郭随便_ 赛尔达手游安排一下[doge],,,,,,,,,
3145,4380897455060760,2019-06-08 13:13:28+08:00,7185024151,执笔丶永恒58271,@米哈游miHoYo 搏一搏，单车变摩托，不求其它，只求资格。,,,,,,,,,
3149,4380897346334849,2019-06-08 13:13:03+08:00,5846473488,幸运的血玫瑰男爵,@Mr_陈家铧_924_106  @神座出流_ //@游侠网: 来了来了[并不简单][并不简单],,,,,,,,,
3150,4380897271250373,2019-06-08 13:12:45+08:00,3168892412,老林今天不想加班,@Guwren 我的了,,,,,,,,,
3151,4380897250239322,2019-06-08 13:12:40+08:00,1753133717,黑暗福音,@有顶天的天人少女 萌萌哒！,,,,,,,,,
3152,4380897157589507,2019-06-08 13:12:17+08:00,1872858321,AkiAka666,@Centity,,,,,,,,,
3154,4380896993691968,2019-06-08 13:11:38+08:00,5608947951,银八酱的坏笑,@茶几动漫社 好！,,,,,,,,,
3157,4380896670757537,2019-06-08 13:10:22+08:00,3219856375,风的彼端是云吗,@bibibi5257,,,,,,,,,
3159,4380896599727489,2019-06-08 13:10:04+08:00,5452384402,Ataraxia平安喜樂,原神冲冲冲冲冲，无比期待@x不u爱a最爱n  ,,,,,,,,,
3160,4380896590888141,2019-06-08 13:10:02+08:00,3683978904,十六夜幕,@崩坏3 又又又,,,,,,,,,
3162,4380896431820165,2019-06-08 13:09:25+08:00,5950105691,乐乐君丶,@半瓶神仙醋zql 进来女装,,,,,,,,,
3164,4380896423271123,2019-06-08 13:09:23+08:00,2424145997,给我醒过来啊,@Bronya浮在空中 抽抽抽！冲,,,,,,,,,
3167,4380896041851959,2019-06-08 13:07:51+08:00,2833685157,游离在边缘2016,[doge]@沙丁鱼罐头咚咚咚,,,,,,,,,
3169,4380895786041357,2019-06-08 13:06:50+08:00,5520843123,叫柒沐啦,尼玛这我带的动？？[允悲][允悲][允悲]@劾猫 ,,,,,,,,,
3170,4380895735470833,2019-06-08 13:06:38+08:00,3596670194,干一碗南瓜粥,选我@白头吟12138 ,,,,,,,,,
3171,4380895668470120,2019-06-08 13:06:22+08:00,3174850422,天涯雪霁时,@一位瓜皮网友 不是…有些地方也太像塞尔达了吧,,,,,,,,,
3174,4380895404712317,2019-06-08 13:05:19+08:00,2758169352,77我是一根葱,@镇早荐琥珀主 @貓貓躲丸子 [doge],,,,,,,,,
3175,4380895383646740,2019-06-08 13:05:15+08:00,6355022028,假装路过灬暗中观察,假装路过@原神 ,,,,,,,,,
3178,4380895202857987,2019-06-08 13:04:32+08:00,5685349163,Funnymiaomiao,@怜兮Rency 牛逼啊米哈游,,,,,,,,,
3180,4380895186496326,2019-06-08 13:04:28+08:00,2385281294,Bujinnko,PC游戏大厂米忽悠石锤 @Arne晓暮,,,,,,,,,
3184,4380894917791657,2019-06-08 13:03:24+08:00,3054663453,雪景Mask,@原神 冲冲冲！,,,,,,,,,
3191,4380894489496591,2019-06-08 13:01:42+08:00,5140150893,明将会是怎样,@雁飞遐云,,,,,,,,,
3410,4380894024167762,2019-06-08 12:59:50+08:00,3175397684,李四一个大笨蛋,@张曜聪 ,,,,,,,,,
3411,4380894016001780,2019-06-08 12:59:48+08:00,5457764636,野生的舰队指挥官,但是我觉得我新浪微博抽奖应该是不会中的。@萧梦楼_天狼星改造完了好强啊 @夜空的六等星,,,,,,,,,
3413,4380893743047581,2019-06-08 12:58:43+08:00,5493535343,不冷也不热的HUI,@白露的冰糖 ,,,,,,,,,
3414,4380893738846267,2019-06-08 12:58:42+08:00,6109884636,清池-旧梦,@原神 @鱼干女也,,,,,,,,,
3415,4380893697704220,2019-06-08 12:58:32+08:00,5340211681,林克sama,@幻想HITMAN ,,,,,,,,,
3416,4380893634196523,2019-06-08 12:58:18+08:00,6080173576,超级小康天下无敌,@崩坏3 [笑而不语][笑而不语][笑而不语],,,,,,,,,
3417,4380893634019317,2019-06-08 12:58:18+08:00,2122836802,虾乐B1996,@方方_Cuckoo 希望能得个测试资格，当然中一个PS4也不是不可以[doge][doge],,,,,,,,,
3418,4380893545996546,2019-06-08 12:57:56+08:00,3176994814,用户不存在ii,@剑客某 来了老弟,,,,,,,,,
3421,4380893424340509,2019-06-08 12:57:27+08:00,5380002709,爾東_CC,m@知任CHS,,,,,,,,,
3422,4380893294273291,2019-06-08 12:56:57+08:00,3100801871,吥許熬夜变成cj惹不起勒,@夜语玖天 ,,,,,,,,,
3425,4380893050956522,2019-06-08 12:55:59+08:00,5640748623,Ars-凛,@KiiLiie力力力,,,,,,,,,
3426,4380892870717807,2019-06-08 12:55:16+08:00,2880743434,Yoennsei,@中国BOY-Hans  怎么看,,,,,,,,,
3428,4380892677611082,2019-06-08 12:54:30+08:00,5993834911,廖力康,@睡不醒的知了 一位好友,,,,,,,,,
3431,4380892468527547,2019-06-08 12:53:39+08:00,1401043440,丁悦律师,@gina又改名字啦 感觉还蛮不错的[坏笑],,,,,,,,,
3440,4380892337873278,2019-06-08 12:53:08+08:00,2631142060,图茶鲸鱼,@C一菌  帅[心],,,,,,,,,
3443,4380892166027175,2019-06-08 12:52:27+08:00,2273137142,X-POINT,@hjm311  这画面好好哦,,,,,,,,,
3444,4380892154012916,2019-06-08 12:52:25+08:00,5809841770,包酱豆腐去葱,抽测试资格送ps4@鹿小晰冲鸭 ,,,,,,,,,
3445,4380891851489352,2019-06-08 12:51:12+08:00,2396037221,遗忘视界OBW,@E-clair 这个实机画面真好看,,,,,,,,,
3447,4380891801394835,2019-06-08 12:51:00+08:00,2299712253,冬狮笑频,@玩屁屎 好的,,,,,,,,,
3448,4380891750943203,2019-06-08 12:50:48+08:00,2022919517,一直用塞班不会玩安卓,@__MoonLighT 不知道登录不登录PS4啊,,,,,,,,,
3452,4380891055100371,2019-06-08 12:48:02+08:00,1770146494,亚拉里亚拉亚拉熊,@奈梨NALI ,,,,,,,,,
3455,4380890798918824,2019-06-08 12:47:02+08:00,3061309861,塞拉门尼斯儿,@PRPR缥缈不坏 来看塞尔达,,,,,,,,,
3456,4380890664651237,2019-06-08 12:46:29+08:00,6121897463,每曰游戏,@彩虹六号 ,,,,,,,,,
3458,4380890517767145,2019-06-08 12:45:54+08:00,3012450491,OG的狐狸头,@Zz喜东东 ,,,,,,,,,
3459,4380890505139823,2019-06-08 12:45:51+08:00,1868725045,一点风吹草动____,@wistrey 傻鱼来陪我玩新游戏！,,,,,,,,,
3460,4380890492803689,2019-06-08 12:45:49+08:00,5817931277,神山神海,@yhfh201409 ,,,,,,,,,
3461,4380890454971346,2019-06-08 12:45:40+08:00,6121897463,每曰游戏,@卢本伟_55开 [二哈],,,,,,,,,
3462,4380890442780264,2019-06-08 12:45:36+08:00,2684600847,灰如月岩,@彳亍人  吹爆,,,,,,,,,
3463,4380890207425587,2019-06-08 12:44:40+08:00,3753166673,南猫猫猫猫猫猫猫猫,@伊泽探险  等发售[喵喵],,,,,,,,,
3464,4380890073151593,2019-06-08 12:44:09+08:00,2401476707,GhostSAMURAI,@不小心中了Debuff,,,,,,,,,
3465,4380890069557514,2019-06-08 12:44:08+08:00,6457353500,蓝发赤瞳绫波厨,画风看着好梦幻，不太舒服。天命科技还是去搞崩坏4吧→_→@刺猿生物研究所,,,,,,,,,
3467,4380889692150805,2019-06-08 12:42:38+08:00,3694964801,黄小景啊,@闻云深 [哆啦A梦微笑][哆啦A梦微笑][哆啦A梦微笑],,,,,,,,,
3468,4380889637521582,2019-06-08 12:42:25+08:00,1829568351,赤与蓝之神,风之律者穿越记[嘻嘻]我的2070已经饥渴难耐@-墨秋白-,,,,,,,,,
3470,4380889498733230,2019-06-08 12:41:51+08:00,1719094894,天缘skylove,这个不错啊。。。。@北瓜叔叔 @白金-PT @彬力十足1021,,,,,,,,,
3472,4380889293434764,2019-06-08 12:41:02+08:00,5356368101,夜色依然在,全平台互通？@阁酱悠长 ,,,,,,,,,
3474,4380889239087295,2019-06-08 12:40:49+08:00,1577049290,水饺码头,@是华威啊_ ,,,,,,,,,
3475,4380889125354828,2019-06-08 12:40:23+08:00,2501612657,难自弃的王大脸,@脸俊菌 求码[憧憬],,,,,,,,,
3477,4380888747982210,2019-06-08 12:38:52+08:00,1789708450,Aloysius_牟,@阔落来一打 @Simplane 这个，塞尔达吗？？,,,,,,,,,
3478,4380888723257016,2019-06-08 12:38:46+08:00,5541732410,2言言吖icon,@宴小宁 啊我想要内测资格！！！,,,,,,,,,
3479,4380888584278738,2019-06-08 12:38:13+08:00,5149958523,蔚蓝黑兔,@sldp52 相信 米哈游 不是坑货 毕竟我 崩2崩3 都玩过很长时间！,,,,,,,,,
3481,4380888529413596,2019-06-08 12:38:00+08:00,3180408742,一定是假号,@米哈游miHoYo,,,,,,,,,
3482,4380888496242453,2019-06-08 12:37:52+08:00,5669457285,爱泡芙的透明酱,我觉得🉑️@薄荷与尼罗河 ,,,,,,,,,
3484,4380888441592416,2019-06-08 12:37:40+08:00,2613619953,人类比喵还要愚蠢,来了@RX93-企鹅型,,,,,,,,,
3485,4380888437187753,2019-06-08 12:37:38+08:00,5994978518,F1fte3novo,@电竞大神 手机估计带不动了哈哈哈哈,,,,,,,,,
3489,4380888022570941,2019-06-08 12:35:59+08:00,3579548520,CD7S,@桐川谷歌是最棒的 过来中奖[胖丁微笑],,,,,,,,,
3490,4380888013633988,2019-06-08 12:35:57+08:00,2404109080,大树彼,@WingkitLaw [酸],,,,,,,,,
3494,4380887564878306,2019-06-08 12:34:10+08:00,5975961169,舵主先生风华正茂,@原神  突然发现没有可以艾特的人 哭了，艾特官方吧（ ’ - ’ * ),,,,,,,,,
3495,4380887422457444,2019-06-08 12:33:36+08:00,5537607268,欢眠,@loli树 怕845阵亡,,,,,,,,,
3496,4380887329990691,2019-06-08 12:33:15+08:00,5946187283,霖岚夜色nice,中@鹤九书,,,,,,,,,
3497,4380887296358297,2019-06-08 12:33:07+08:00,5581122603,云莫宇,@会说话的玉米棒子 [耶][doge][耶]一起冒险嗷,,,,,,,,,
3498,4380887032035859,2019-06-08 12:32:04+08:00,1001914040,薪火鹏,@不是槿夏的阳药 吸欧气。,,,,,,,,,
3499,4380886721923274,2019-06-08 12:30:50+08:00,3201583052,-_-Sebastian,单纯的想要激活码的米卫兵[太开心]@超小只陈婧婧 ,,,,,,,,,
3500,4380886592112226,2019-06-08 12:30:19+08:00,1677624737,Ant1m0ny,@Sp0tLessx丶 ,,,,,,,,,
3501,4380886562267320,2019-06-08 12:30:11+08:00,1677624737,Ant1m0ny,@Sp0tLessx丶,,,,,,,,,
3503,4380886030432982,2019-06-08 12:28:04+08:00,5381951166,千变万夏丶,@崩坏3 你的姐妹！,,,,,,,,,
3505,4380885837148263,2019-06-08 12:27:19+08:00,5665247226,梦醒默离,@Super也好君 ,,,,,,,,,
3671,4380885383687814,2019-06-08 12:25:31+08:00,5830814305,金木你胖次掉了,@长安司剑 你觉得咋样这个。,,,,,,,,,
3672,4380885312609780,2019-06-08 12:25:14+08:00,6562716967,喵喵鱼干君,@小小的狮子z ps4已经有了，我只想要激活码[喵喵],,,,,,,,,
3675,4380884934940310,2019-06-08 12:23:43+08:00,1625344791,vensli,@亮崽儿丶 不错啊。,,,,,,,,,
3677,4380884737893414,2019-06-08 12:22:56+08:00,2465993134,不尽少年心,@昵称太帅如何与人相处 我不是为了PS4 Pro去的，我真的就是单纯为了激活码[doge],,,,,,,,,
3678,4380884645890037,2019-06-08 12:22:34+08:00,3508581804,麻将真有趣,@空间与维度 ,,,,,,,,,
3679,4380884629626371,2019-06-08 12:22:30+08:00,5752705894,咲奈心,@hianghokung,,,,,,,,,
3681,4380884352319744,2019-06-08 12:21:25+08:00,2070512613,枝楠,入新坑，时间和我都准备好了，许愿[太开心] @Amber喵喵喵_ ,,,,,,,,,
3683,4380884247444516,2019-06-08 12:21:00+08:00,1242434303,唯yuan有小爆脾气,@大保天天贱 ,,,,,,,,,
3684,4380884041651652,2019-06-08 12:20:10+08:00,3227460825,Lagann-,@Penny时墨 ,,,,,,,,,
3775,4380883752524849,2019-06-08 12:19:02+08:00,2278589844,暂约的记忆,@噗噗鸡整天叽叽叽 嘟嘟嘟,,,,,,,,,
3776,4380883689449107,2019-06-08 12:18:47+08:00,3568595091,Kotori_Minami丶,塞尔达传说：原神[喵喵] @世魔辉魔,,,,,,,,,
3778,4380883476174649,2019-06-08 12:17:55+08:00,6101868510,朝夜的光,@崩坏3,,,,,,,,,
3779,4380883211537085,2019-06-08 12:16:52+08:00,1879393202,寒天黑糖,好可爱的小男孩！！！！wsl//@半透明黑桶: 看！是PV！[泪]@寒天黑糖,,,,,,,,,
3780,4380883106787167,2019-06-08 12:16:27+08:00,2710090471,津上翔一_厨,@命運电玩打工仔,,,,,,,,,
3782,4380883014640144,2019-06-08 12:16:06+08:00,1791460703,泉此方Konata,@ZZZzhengbin 抽奖抽奖,,,,,,,,,
3785,4380882754159099,2019-06-08 12:15:04+08:00,6619973194,Mushroom扯,崩崩崩崩这就要出了？我的小手机瑟瑟发抖@殇冰凕玥,,,,,,,,,
3786,4380882728932053,2019-06-08 12:14:58+08:00,6827113090,盲点发现了花生,@任天堂香港有限公司 快用你无敌的法务部想想办法，拉屎拉到你头上了,,,,,,,,,
3791,4380882426851758,2019-06-08 12:13:46+08:00,2520322782,傲娇的大尾巴玥,@颜赫_雪飘 ,,,,,,,,,
3792,4380881962117606,2019-06-08 12:11:55+08:00,5479250460,依然BB旺,@PERMANENT-cairns  可惜没安卓,,,,,,,,,
3793,4380881873882937,2019-06-08 12:11:34+08:00,1928445413,就不能全英文吗CS,@锐鸡儿 @QuickArtsBuster,,,,,,,,,
3795,4380881835784487,2019-06-08 12:11:25+08:00,2145244741,饭岛靖贵-,@村崎和歌子,,,,,,,,,
3799,4380881625785340,2019-06-08 12:10:35+08:00,5231233086,孤城慎独,@原神 米哈游天下第一[doge],,,,,,,,,
3801,4380881315769236,2019-06-08 12:09:20+08:00,1724212194,吮指原,@看花人犹在 看起来就好玩[蛋糕],,,,,,,,,
3804,4380881127275454,2019-06-08 12:08:35+08:00,1523380005,海拉鲁死鱼,@Sunshine丿柒 ！！,,,,,,,,,
3805,4380881089722217,2019-06-08 12:08:26+08:00,5978052115,喜欢吃番茄炒蛋丶,@耿直的大凯锅 来了来了,,,,,,,,,
3806,4380881080749856,2019-06-08 12:08:25+08:00,2470612175,平淡打工仔,浓妆艳抹版塞尔达[跪了]@影驻船行,,,,,,,,,
3808,4380880934512849,2019-06-08 12:07:50+08:00,5238014059,Rasavatam,@taku园 🤔,,,,,,,,,
3809,4380880908638272,2019-06-08 12:07:44+08:00,1731498863,凌晨一点改微博名,@那就叫大叔酱吧 ！！！,,,,,,,,,
3810,4380880665320560,2019-06-08 12:06:46+08:00,6585658030,青羽凝华_,@米哈游miHoYo 求个测试资格[太开心],,,,,,,,,
3811,4380880644186456,2019-06-08 12:06:41+08:00,5855615879,爱茵最可爱,@崩坏3,,,,,,,,,
3812,4380880560752683,2019-06-08 12:06:21+08:00,5694154931,Linca0v0,lei了lei了[二哈]@成头,,,,,,,,,
3813,4380880459836456,2019-06-08 12:05:57+08:00,2649896941,看花人犹在,@吮指原,,,,,,,,,
3817,4380880291858451,2019-06-08 12:05:17+08:00,2495762447,云落木,[doge]@红衣天使的行动纲领,,,,,,,,,
3818,4380880275041348,2019-06-08 12:05:12+08:00,2242363137,园长阿刘,@下午辞职绿老师 抽我！！！,,,,,,,,,
3843,4380879834672117,2019-06-08 12:03:28+08:00,1793153254,云养喵专业户,@怠惰的晓 继续,,,,,,,,,
3846,4380879528787121,2019-06-08 12:02:15+08:00,6058348808,德不不不奶,快测试等不及啦！@Re莫德雷德厨_ ,,,,,,,,,
3847,4380879427903629,2019-06-08 12:01:51+08:00,2836607150,天使爱吃麻婆豆腐,给我也整一个@璟也想成为物理学家,,,,,,,,,
68,4458218090820098,2020-01-07 21:58:04+08:00,5584531245,肿肿,@无情女人 进来看抄袭怪,,,,,,,,,
151,4417195209516334,2019-09-16 17:07:48+08:00,1722678992,狗狗是小腿子还是九九更是肘肘,@肘肘是九九还是小腿子更是狗狗 这个算好看吗,,,,,,,,,
320,4401894673530531,2019-08-05 11:48:55+08:00,2595635025,亚洲善待人类组织,[挖鼻]看云玩家们在喷我就觉得搞笑，多少人是没玩过塞尔达也没参加过原神的测试，看几份特意截的图和视频就义愤填膺的？等原神出来还不是真香，氪爆？特别是@腾讯动漫 你腾讯靠抄袭起家的公司也配批评别人抄袭？国内做手游的公司里米哈游不说最好，至少比@腾讯游戏 @网易游戏 好的多。,,,,,,,,,
355,4401479156399802,2019-08-04 08:17:48+08:00,6602129280,羽生三未,( •᷄ὤ•᷅)抽个奖叭 评论真的好惨@小叻ROKA ,,,,,,,,,
455,4400799805093407,2019-08-02 11:18:18+08:00,3075872047,喵星驻球办发言人,@根本补不完国誉自我的Jaspers 都说这玩意抄袭林克？[思考],,,,,,,,,
482,4398730163585447,2019-07-27 18:14:18+08:00,6710682329,阿圆圆崽,@让我永远是少年 眼熟不,,,,,,,,,
485,4397564764043866,2019-07-24 13:03:25+08:00,5854425203,喵诗人nya,@腾讯NintendoSwitch 快来管管他们，抄袭塞尔达,,,,,,,,,
491,4395746113453673,2019-07-19 12:36:45+08:00,7244692503,leroy2222222222,建议看一下我微博 揭露米💂 丑恶嘴角@芒种Quarz,,,,,,,,,
497,4395559466692681,2019-07-19 00:15:04+08:00,7243538107,咕咕咕19315,各位记住这个@芒种Quarz 的米💂 熬 跟爷对线被我喷怕了然后不敢说话 👴 换小号喷了几句这崽种又自闭了 哈哈 他说自己玩了塞尔达传说 鬼泣345都通关 AC全系列 我寻思口嗨谁不会呀 搞半天原来是吹牛呢 害 合着米卫兵是知乎大手子  崽种又把👴 拉黑了 抗压能力这么差呀 是不是被我戳到痛处气急败坏,,,,,,,,,
653,4386785058150349,2019-06-24 19:08:43+08:00,2452092187,我酱的西,@Tinasecret 如果今天不发声，可能明天抄到自己头上了，这个世界需要更多的英雄,,,,,,,,,
850,4385965684178718,2019-06-22 12:52:48+08:00,1745636971,剪不动了,@今晚吃什么宵夜呢 快看良心公司 让我们可以卖掉switch,,,,,,,,,
1245,4383075649435531,2019-06-14 13:28:51+08:00,7016303617,恵飛須沢,@Deawor熊猫 打扰了,,,,,,,,,
1293,4382844270457020,2019-06-13 22:09:25+08:00,3476971703,诹访神子,@黒羽燐音 确实很像……就是不知道能还原到啥地步[二哈],,,,,,,,,
1387,4382288484233742,2019-06-12 09:20:55+08:00,2482488460,夜雨琴川,@爱狗的圆圆 [喵喵],,,,,,,,,
1837,4381104322606081,2019-06-09 02:55:30+08:00,6972708580,伪装成锦鲤的咸鱼77664,米忽悠飘了，原本是被模仿的一股国产清流，结果却沦为与其他厂商一样，真的不要自毁门面啊，顺便@任天堂香港有限公司 ，发律师函了喂,,,,,,,,,
1901,4381059308858547,2019-06-08 23:56:38+08:00,2149300730,一份糖炒栗栗子,@废物点心阿饼 @木娄水青,,,,,,,,,
2065,4381006016311548,2019-06-08 20:24:52+08:00,5486410350,碱性胶囊,@赤鸢仙人我没有说谎QAQ  憨憨出来对线🌶️,,,,,,,,,
2077,4381004150060959,2019-06-08 20:17:27+08:00,5486410350,碱性胶囊,@赤鸢仙人我没有说谎QAQ 你🐎可能玩崩坏脑子也给崩坏了 脑仁都烂了,,,,,,,,,
2211,4380979336839052,2019-06-08 18:38:51+08:00,5843799285,天上天下天地无双喵,@任天堂香港有限公司,,,,,,,,,
2263,4380974089478403,2019-06-08 18:18:00+08:00,2180547074,步尘烟今天吃好吃的了吗,@折花绯雪 来品一下,,,,,,,,,
2268,4380973321751619,2019-06-08 18:14:57+08:00,2515116192,黑猫儿___,@Crazykara 原尔达,,,,,,,,,
2269,4380973317487958,2019-06-08 18:14:56+08:00,1849773952,Sevemile,那什么，这单机还是网游啊。。。@luolucky29,,,,,,,,,
2280,4380970020835057,2019-06-08 18:01:50+08:00,6599963356,本壹,@三根三毛 @世界仰天 @上仙数珠 @拉不拉奇 @_啊翔翔翔翔翔 @NormanFuckingRockwell @SpaceyCowboy 品味,,,,,,,,,
2364,4380958088067149,2019-06-08 17:14:24+08:00,3240967057,不想做梦的阴影,@开心肥宅派大星 [并不简单]嫖一哈,,,,,,,,,
2463,4401199036072542,2019-08-03 13:44:43+08:00,6346952543,Tyonosuke,@不吃生肉也不重名: 米卫兵厉害的很，他们的逻辑是没被告=没抄袭，喷原神=喷国产游戏=日精美分，和他们说什么呢？在他们眼里任天堂索尼微软懂什么游戏，全是民间高手，米忽悠世界第一,,6632412252.0,CHANNEER,,,,2460.0,4380945396171132.0,3558197517.0
2538,4426697744992424,2019-10-12 22:27:29+08:00,7174927520,菠萝198608,@error1980: 育碧也出了个“塞尔达画风”的游戏，各位过去喷一下以示公正？,2531.0,5671232161.0,千帆幻尽,4380935199496995.0,2019-06-08 15:43:28+08:00,国内厂商总以为玩家是傻子，东抄抄西抄抄就能出来骗钱[微笑]然而事实是，国内很大一部分玩家确实是傻子[可爱],2531.0,4380935199496995.0,5671232161.0
2653,4404220436706589,2019-08-11 21:50:41+08:00,5409063390,吾乃是中二病患者_369,"@独孤剑萧萧: “塞尔达120神庙全通,明天cj我就不去了 ，怕认错展台”[吃瓜][吃瓜][吃瓜]",2642.0,1691660281.0,我爱开封菜,4380932033640474.0,2019-06-08 15:30:53+08:00,米哈游，劝你们别游戏还没出就把自己搞臭了，对你们一点好处都没有，好自为之,2642.0,4380932033640474.0,1691660281.0
2772,4380924667828394,2019-06-08 15:01:37+08:00,5554932231,A大调的华尔兹,很期待新作@Rusi_ ,,,,,,,,,
2933,4380905709610665,2019-06-08 13:46:17+08:00,2688011343,yukin725,@Rioshady 塞尔达旷野之息…而且估计操作感差很多[允悲][允悲],,,,,,,,,
3419,4380893496035358,2019-06-08 12:57:45+08:00,1776100951,ReIKiTsuNeNeGi,@云玩家FlameBeam  手机玩家的钱真好赚？,,,,,,,,,
3545,4381283213536790,2019-06-09 14:46:20+08:00,6301774190,倾城恋怀,@任天堂香港有限公司,3506.0,6500909470.0,oO土豆泥O,4380885732287240.0,2019-06-08 12:26:53+08:00,这……有些地方一摸一样吧,3506.0,4380885732287240.0,6500909470.0
3676,4380884881100488,2019-06-08 12:23:30+08:00,5667435118,Mmmm傻呀,@AI娘爱酱 爱酱我想去原神看看,,,,,,,,,
