Label,D1,D2
4.0,-29.792011,58.523743
0.0,4.791081,72.73611
4.0,6.311199,17.257778
0.0,80.78851,43.397263
4.0,-10.394442,74.441864
4.0,-35.19279,-24.956484
4.0,19.451607,51.10835
4.0,28.238386,7.343364
4.0,18.402626,-3.890314
0.0,-84.419876,30.956665
0.0,11.897461,61.184696
4.0,-23.97877,78.98488
0.0,-50.89102,48.55828
3.0,-64.45578,-17.146574
4.0,41.859783,23.954592
4.0,-34.7336,-64.1861
4.0,8.883223,-8.429827
4.0,-21.296175,-36.90863
4.0,-5.7624154,50.889553
4.0,-39.234043,87.05789
0.0,54.529728,-21.163467
0.0,11.66513,-81.6777
0.0,43.226883,-33.65682
2.0,-55.352554,-3.418064
4.0,-11.301304,6.265172
4.0,-40.78606,-51.339737
4.0,-57.361794,-6.167508
4.0,19.805796,-29.822199
4.0,49.85187,71.260704
4.0,-20.336449,-68.373375
4.0,7.7567267,-69.28901
4.0,8.239956,-6.0881863
4.0,-30.715382,-51.776836
4.0,28.896296,23.89018
4.0,7.6796536,35.32493
0.0,-83.627495,48.019463
4.0,-11.242781,2.8988192
4.0,-1.0479659,7.3346534
4.0,26.817987,-40.742424
0.0,-55.783104,64.79786
0.0,44.474384,4.7907977
4.0,7.0858154,-17.419262
2.0,-21.627699,35.340263
0.0,112.844246,10.842071
2.0,-51.445557,31.181236
2.0,-48.744946,24.865498
4.0,-41.130013,-21.196802
4.0,26.480669,-5.5519104
0.0,26.104538,88.82807
0.0,-75.79049,33.241848
4.0,15.919327,15.250659
0.0,-66.44963,14.434096
4.0,-3.3998184,-14.434398
4.0,-40.77027,-61.15593
0.0,-84.64207,31.655836
4.0,0.018295806,8.613619
3.0,-77.05059,-5.221283
0.0,39.778397,-77.49314
4.0,-0.9301726,-2.9401374
4.0,-11.211432,-13.027666
4.0,14.54066,23.565933
4.0,-14.0368595,-33.236866
4.0,19.551191,-21.480753
4.0,-19.374908,-70.6621
4.0,25.634933,28.23536
4.0,15.8580675,43.79268
4.0,-20.681843,35.706196
4.0,33.92885,52.429127
0.0,10.995087,61.502426
4.0,-22.049711,-24.855406
4.0,-38.459267,-61.212666
0.0,53.028805,35.49954
4.0,-17.720533,-66.71515
4.0,-59.471703,-28.918179
2.0,-33.031,27.442085
0.0,-54.860867,60.537033
4.0,21.661173,73.11705
0.0,-67.82601,16.240767
0.0,62.88054,-8.9371
4.0,15.823872,-40.10372
4.0,-0.8075511,-2.8583047
4.0,22.47909,-45.95249
4.0,19.474092,-28.639677
4.0,-23.85059,55.585266
0.0,-69.40072,31.734247
0.0,-55.76807,63.683052
0.0,-73.50616,-58.368782
4.0,9.446754,10.362318
4.0,-28.32455,-71.535774
2.0,-56.541348,6.2677503
0.0,-20.267542,102.47636
2.0,-41.835342,8.1587
4.0,5.3543134,-2.2477183
4.0,-6.6138406,74.64761
0.0,73.706055,-10.213028
4.0,-64.40315,-23.33742
0.0,34.5593,-29.0487
4.0,16.949873,9.2381935
4.0,-11.969975,-9.136791
4.0,-16.498047,33.56887
4.0,20.452637,-43.735966
4.0,-29.257223,59.15671
4.0,-10.316744,-9.663528
4.0,19.821926,67.10093
2.0,-35.642536,40.78363
2.0,-32.70023,43.738167
4.0,-28.47361,-71.45537
0.0,-21.43921,102.72851
0.0,76.7002,4.40412
4.0,-14.571003,35.711517
0.0,-84.93905,32.90997
4.0,11.332533,-4.6144238
4.0,-34.01333,73.65857
4.0,-34.478264,2.390742
0.0,-98.15166,-3.1485946
4.0,-29.69188,42.59092
0.0,-67.69939,45.46996
4.0,0.39409557,2.2105443
2.0,-40.485077,30.322119
0.0,-65.3094,45.09865
2.0,-40.767403,17.093367
0.0,-53.634293,42.631775
4.0,-11.679589,23.8879
0.0,-93.47766,-2.8449814
4.0,-12.852745,40.166267
4.0,-38.038357,-15.418839
4.0,-10.042534,-7.8294363
4.0,44.66328,23.449505
4.0,-33.994213,85.03731
4.0,-4.9705625,-38.300808
4.0,0.5075178,17.478659
4.0,9.466442,-8.826671
4.0,11.554749,4.070139
4.0,-30.444633,73.99737
4.0,26.856298,32.808853
4.0,-57.83586,-29.891712
4.0,-2.34661,22.838648
2.0,-52.626987,-3.844683
0.0,-86.11153,22.784464
4.0,-8.45664,79.28641
4.0,13.849535,45.117626
4.0,-23.90992,-52.910698
4.0,-30.728966,67.992966
4.0,-10.882784,-0.32603693
4.0,-19.890926,-34.628086
4.0,17.222837,9.063778
4.0,-9.668087,-9.346378
0.0,-64.848404,26.806442
4.0,8.894907,-11.069443
0.0,-76.70794,25.15019
4.0,27.505756,7.5828147
0.0,17.270838,66.19414
0.0,48.38473,-17.331669
4.0,19.802652,-43.911575
4.0,7.7784243,31.850183
4.0,-20.516785,-75.643585
0.0,42.896175,11.8113365
4.0,0.76202166,39.772266
4.0,-11.271064,2.797675
4.0,-11.381582,-13.151763
4.0,27.202429,-63.591488
4.0,-31.26939,39.66033
4.0,-10.832654,-2.5511427
2.0,-18.951073,-19.676083
4.0,-38.900665,87.11005
4.0,-55.83668,-3.560357
0.0,-80.89628,-34.475018
4.0,-4.652139,-3.8433824
4.0,-9.884188,-10.686517
4.0,38.985764,25.521648
4.0,25.200495,-48.30081
0.0,-51.52271,48.83315
3.0,-67.63695,-16.254007
4.0,-5.4256763,79.76189
4.0,20.890175,2.8129902
0.0,-72.292984,-37.934116
0.0,-84.48883,25.593227
2.0,-36.935383,44.37322
2.0,-44.558655,20.971462
4.0,-10.229186,-45.667175
4.0,-8.695188,-8.691406
4.0,-65.036896,-19.296427
0.0,10.419471,-22.512499
4.0,-35.36161,-64.050964
4.0,-19.406591,-69.997055
4.0,20.491793,-28.618607
4.0,-3.7870567,-15.129852
4.0,-34.079212,-12.623119
0.0,84.99551,-6.325395
4.0,-7.539866,-18.34256
4.0,-38.32962,-21.011135
2.0,-40.61836,30.613651
4.0,-9.609297,-57.218605
4.0,19.298649,41.146255
4.0,-8.781348,-61.664307
4.0,-40.599033,-50.9462
4.0,16.750793,-15.426891
4.0,-4.630853,-16.767944
4.0,-42.24806,-20.2188
4.0,17.851608,51.640244
2.0,-31.416334,39.693344
2.0,-35.806824,27.95132
4.0,14.0870905,23.11281
4.0,38.23275,30.093739
0.0,42.269333,19.425932
2.0,-48.973072,-4.943117
4.0,34.854164,40.1748
4.0,-47.005276,-44.80411
4.0,-7.183055,-11.887705
0.0,44.960857,-47.37852
0.0,51.27589,-19.063099
0.0,-90.09742,15.165183
2.0,-33.54907,43.908638
4.0,-12.149628,72.1203
0.0,31.556135,-83.57403
4.0,24.531878,-4.945273
4.0,19.984966,23.756124
4.0,27.901442,-21.313974
4.0,-12.388163,63.470974
2.0,-16.997906,32.62024
4.0,11.376435,25.899328
4.0,16.86797,-50.70567
3.0,-62.869595,-19.283836
4.0,23.59526,14.676087
2.0,-59.858036,-20.310333
4.0,-39.4972,6.2145133
2.0,-42.77042,25.15276
4.0,-42.82091,-26.750511
0.0,-18.861061,-80.33127
2.0,-40.426346,30.144567
4.0,17.35649,-29.58181
4.0,-42.252438,-34.40584
4.0,-34.844673,7.6937003
0.0,-54.08528,-72.395355
4.0,28.556715,23.094246
0.0,-83.91903,26.078222
4.0,-16.713516,-42.398075
0.0,-58.49515,-79.96691
4.0,-1.681003,42.397537
4.0,19.482681,24.078932
4.0,13.788927,6.5206437
4.0,0.972774,38.850967
4.0,-40.951424,-35.23246
4.0,25.569654,28.88554
3.0,-72.29805,-1.6004047
0.0,-66.9885,18.871561
0.0,-49.182896,50.82564
0.0,-67.24564,46.275715
4.0,-40.237682,-61.59704
4.0,-0.7399112,17.99215
4.0,-28.017935,42.05938
0.0,84.00838,-5.44285
0.0,45.953014,-74.16719
0.0,-77.5642,-32.88008
4.0,20.831562,2.2178903
4.0,-41.98395,-32.22826
4.0,-27.925957,83.04195
4.0,24.24187,-11.504672
4.0,-15.987001,34.566578
2.0,-18.043827,-21.65596
4.0,-24.876225,10.809317
3.0,-73.104836,-10.675085
0.0,-52.99646,43.775555
4.0,11.391043,-39.304176
4.0,-30.198109,83.45597
4.0,-9.117807,26.351488
4.0,-22.02518,-24.860548
0.0,10.1188345,34.710415
0.0,-72.814156,43.151054
4.0,-1.9965148,23.554068
0.0,-63.856773,22.244774
0.0,-79.0507,-33.259228
0.0,40.390915,-43.434216
2.0,-49.221638,25.793457
4.0,-11.239934,6.691749
0.0,-73.364296,-37.118782
0.0,-98.61918,-4.783203
0.0,-65.58894,21.248678
4.0,-34.33161,-35.034096
4.0,17.619497,-3.4380925
4.0,-25.355425,42.911808
4.0,-38.953415,-21.276094
4.0,-15.610306,-4.92221
4.0,-15.072051,0.940508
4.0,16.352316,-43.020916
4.0,19.79979,17.019918
4.0,-59.140556,-29.213522
4.0,7.1898904,46.346348
4.0,8.893524,8.997699
4.0,7.709853,25.754337
4.0,-11.620335,3.1863656
0.0,1.9488801,-50.36553
4.0,-11.230606,65.44133
0.0,43.9951,18.306759
4.0,-48.39643,-24.979038
2.0,-57.53718,5.600018
4.0,-58.464455,-5.7772064
4.0,-18.405535,2.3250828
4.0,-17.537504,-37.731068
4.0,-9.893678,-12.683706
0.0,-80.76683,26.232841
4.0,-12.544711,63.375713
4.0,6.978242,32.994987
0.0,-54.191437,-71.83227
4.0,27.32508,-38.88759
0.0,51.325886,-62.048706
4.0,-46.79598,-36.851215
4.0,-6.021047,82.086494
4.0,-45.49143,-58.15677
4.0,-30.942873,-35.665264
2.0,-40.59138,18.213661
2.0,-29.291555,35.9698
4.0,-41.951,-31.991993
0.0,61.87005,-3.8533883
0.0,-83.057945,26.70302
4.0,20.879608,-28.826267
4.0,11.662596,-4.8318706
0.0,46.082207,6.2702885
4.0,-35.27018,-60.15421
3.0,-71.782234,-12.589666
2.0,-39.350796,22.757097
0.0,-95.83849,39.512146
0.0,-8.777034,79.60223
4.0,-3.8791862,-15.312662
0.0,20.16917,-19.996868
0.0,36.51695,-30.418793
4.0,-1.2888453,7.26275
4.0,11.558391,25.700739
4.0,25.82099,7.1531467
4.0,22.70579,15.404376
4.0,25.481098,35.932747
4.0,-32.75313,-0.33070427
0.0,67.295784,28.422346
4.0,-27.956924,-58.763474
4.0,-19.324598,-35.81788
2.0,-49.17327,27.506315
0.0,91.93279,-24.560772
0.0,-52.566494,43.7469
4.0,5.554928,26.305372
3.0,-73.912,-2.9294708
0.0,47.617077,6.882122
2.0,-46.36315,6.9765244
0.0,52.711864,-24.277664
0.0,-49.587826,47.23652
2.0,-58.95978,-5.7249517
4.0,-9.607521,38.812595
0.0,-67.92462,32.605488
4.0,16.483597,-34.27639
0.0,-7.001673,-69.27588
0.0,-64.710625,14.293409
4.0,-10.501157,-3.079864
4.0,27.65932,-62.814846
4.0,-22.600433,47.271606
4.0,-24.32826,-12.933134
4.0,10.265594,8.786459
4.0,11.0292,-7.858522
4.0,-39.3136,-61.28436
4.0,17.012367,-50.691338
4.0,26.821026,-40.17097
4.0,27.99044,51.564777
0.0,-53.565968,42.67881
4.0,-18.811064,-47.754498
0.0,71.74722,18.051708
4.0,29.641222,-47.877308
0.0,11.878867,-21.943863
4.0,-34.679657,-47.0713
0.0,65.20339,42.195175
4.0,34.104305,-56.80263
4.0,-17.416006,23.622492
4.0,-45.545475,-16.845036
4.0,7.4896507,26.157074
0.0,-62.136997,35.25155
2.0,-39.431675,21.850904
4.0,-19.863249,-34.807957
4.0,-72.21029,10.185388
0.0,31.618433,7.7716656
3.0,-71.79231,-4.660903
4.0,40.940952,54.572544
2.0,-48.370213,-5.1194954
4.0,-30.094969,70.262955
4.0,2.909747,-69.41945
4.0,-45.382984,-59.492413
4.0,19.767582,13.691063
4.0,21.26957,16.476593
4.0,48.02988,53.464764
0.0,71.699196,57.69862
4.0,25.645725,27.867662
4.0,27.963108,-21.186642
4.0,-34.620136,-11.659691
4.0,-48.09311,-24.921818
4.0,17.830343,-29.185297
4.0,19.891361,-4.958394
4.0,19.842575,-4.9663997
0.0,-78.98201,46.954807
4.0,-20.35918,-47.867004
4.0,-5.8027663,-64.31441
0.0,-20.47707,102.56877
4.0,-29.28971,-30.401264
4.0,31.311972,9.219739
2.0,-41.07216,26.177143
4.0,7.7773414,35.148857
0.0,51.165806,-18.894201
2.0,-27.224836,21.37267
0.0,2.956046,-43.430122
0.0,1.6795833,-47.12438
2.0,-40.92361,26.171474
4.0,-14.061678,-33.148537
2.0,-57.11972,11.945704
0.0,16.67785,80.90556
4.0,-47.21245,-24.613008
4.0,-20.621706,38.132202
4.0,-8.20301,-20.941957
0.0,47.26468,6.741614
0.0,57.8215,-34.171734
0.0,-18.939558,102.37097
4.0,35.389454,21.008835
4.0,-29.467422,-53.81071
4.0,-11.205559,-1.5978276
4.0,-31.039528,5.7674747
0.0,32.07623,-83.009544
4.0,12.210454,-42.86002
4.0,-34.045776,73.535484
4.0,-53.321377,-6.1367474
4.0,18.354763,-35.99215
2.0,-51.65918,7.446701
4.0,17.379223,42.506363
4.0,-17.684248,-37.38421
4.0,20.923817,-38.49436
4.0,19.134872,8.030764
4.0,30.49886,42.676098
4.0,-11.02946,75.13653
2.0,-35.60512,40.742188
0.0,-78.232834,-32.20788
2.0,-35.26825,27.969633
4.0,-44.88973,-17.30053
4.0,-41.276646,-30.521042
2.0,-40.76104,16.870104
4.0,39.3802,51.088905
4.0,45.448692,23.794333
0.0,62.835983,-8.038561
4.0,-11.098271,65.672325
0.0,72.333176,-4.469168
3.0,-64.720345,-5.497552
4.0,-20.378048,25.16055
2.0,-60.2509,-0.55800194
0.0,4.94654,72.28791
2.0,-32.83999,34.14487
0.0,-92.145805,-20.905327
0.0,11.268496,-81.93348
4.0,14.456873,-21.587147
4.0,-10.011729,-46.567574
4.0,-1.0069928,-2.989592
0.0,-65.23914,45.094425
0.0,2.3577905,-47.128967
4.0,-25.803766,79.427864
0.0,28.64617,-85.29852
4.0,-1.4927679,54.147205
4.0,-46.58272,-36.62793
4.0,25.473555,-39.10942
2.0,-44.067387,23.965607
4.0,-2.666954,27.274801
4.0,0.54624015,16.781662
4.0,26.557753,-38.127052
0.0,-97.361786,35.72154
0.0,69.28889,16.732393
4.0,-10.851626,-0.27143312
4.0,-9.61844,-12.59313
4.0,30.89633,8.133353
4.0,34.481194,-62.617226
0.0,88.92834,24.775639
0.0,-98.444786,33.701977
4.0,-11.065001,8.398015
3.0,-67.400154,-13.377685
4.0,-40.496674,88.26566
2.0,-40.668373,17.94664
0.0,46.242935,6.456707
0.0,11.560457,61.178204
4.0,-28.29546,-0.022230411
4.0,1.734052,-68.52052
0.0,-73.956276,-36.631058
0.0,-86.07018,24.534231
4.0,-13.640808,40.317455
4.0,2.4739425,-69.13265
0.0,-79.644585,31.246424
4.0,-53.375584,-6.067962
2.0,-49.64176,22.4315
0.0,8.536078,68.76027
0.0,50.51811,13.191289
4.0,-29.665274,75.73541
4.0,30.760956,54.928623
4.0,-3.382066,-16.752707
4.0,28.681326,-61.393047
4.0,-19.359686,36.80302
4.0,-19.615063,-46.92346
0.0,33.90634,5.7225018
2.0,-19.007603,-20.161789
4.0,-25.971365,9.167658
4.0,34.659443,-63.52457
2.0,-52.7626,8.784054
0.0,-95.175415,38.252895
4.0,24.71932,-48.552853
4.0,-18.446243,-35.82521
4.0,20.572628,66.74237
4.0,-30.86488,-65.71861
4.0,20.842093,2.3025024
0.0,71.50727,17.97617
0.0,30.878069,-85.63619
4.0,-25.300287,-57.61427
0.0,38.836353,-39.559246
4.0,-74.26259,7.7395062
4.0,31.38121,-63.99377
0.0,-95.34327,27.409613
4.0,17.68223,-14.536633
4.0,31.37509,-62.47656
4.0,-31.735432,-47.72161
4.0,-3.3826816,-5.2069
4.0,-60.3375,-26.82751
0.0,-93.67869,-21.651949
4.0,29.50048,31.95002
0.0,-65.346275,-47.70957
4.0,12.577611,-39.214462
4.0,-32.22977,0.123442024
2.0,-50.72639,30.874233
4.0,-5.0142064,-38.33718
4.0,-32.219303,-69.36035
4.0,-38.55007,-60.949818
4.0,-10.680459,-65.33179
4.0,-30.145002,74.52931
4.0,16.44125,9.211986
2.0,-16.005873,-23.572966
4.0,-39.120647,-15.367038
4.0,33.819187,-60.20955
4.0,26.69078,7.6502476
0.0,-66.38951,20.010672
4.0,13.556102,-7.6859975
0.0,19.17991,80.08312
2.0,-27.538048,22.870365
3.0,-67.15228,-12.934112
0.0,20.057943,75.12552
0.0,-71.58174,-76.11611
4.0,-22.92586,54.90489
2.0,-57.59387,5.574547
0.0,48.71221,-22.693153
4.0,-24.080154,-51.665874
4.0,-29.67447,58.967094
0.0,-7.711742,9.068947
4.0,27.3151,-21.45251
4.0,-12.227376,-59.908943
4.0,18.482065,-31.36988
0.0,-95.7039,39.971977
0.0,39.86788,-41.4726
2.0,-18.368103,-21.28475
2.0,-54.509987,8.728329
4.0,45.578358,67.91472
4.0,-45.708767,-7.6490226
4.0,16.72827,-57.618977
4.0,-8.739299,-41.680187
4.0,21.936844,-4.988018
4.0,-0.12929149,8.787896
4.0,-24.938356,79.22866
0.0,51.997356,-63.017326
4.0,9.864348,34.759815
4.0,-34.426018,2.395847
0.0,2.567238,-49.09105
4.0,31.542463,33.46596
4.0,-1.0685314,-19.360954
4.0,28.885992,87.37371
2.0,-24.953478,34.51544
0.0,3.144994,-45.51079
0.0,90.96998,-28.755806
0.0,31.546984,103.889366
2.0,-51.26884,7.4972844
3.0,-70.74911,-6.430107
0.0,48.295403,29.270105
0.0,45.762745,16.068232
4.0,26.397903,-39.000256
4.0,-7.5892096,39.626984
4.0,17.090874,-55.276268
0.0,1.9683666,-50.38999
4.0,-32.846268,-66.77743
4.0,-41.09388,-43.328243
4.0,-60.917633,-25.080894
0.0,35.281326,-32.95858
4.0,20.78935,-38.39623
0.0,-92.29277,-3.3746583
0.0,58.231033,-32.210613
0.0,10.718234,66.51321
0.0,1.090707,-100.5795
4.0,-33.860664,65.70563
4.0,-21.379122,-37.019833
4.0,-36.79941,-19.643517
4.0,-3.939545,27.492424
4.0,-29.817005,42.789963
4.0,13.858955,6.5900483
4.0,-29.018665,-59.09797
4.0,0.483003,17.159618
4.0,47.4223,53.37241
0.0,-78.41801,36.67677
0.0,88.53281,-30.282997
4.0,0.071105376,8.992135
4.0,-9.330958,-60.22647
4.0,-32.455414,-65.31594
2.0,-30.796782,25.367247
0.0,37.88113,-39.460636
4.0,21.246717,-38.565113
4.0,-15.217087,-30.28464
0.0,72.4273,-5.0367274
0.0,-84.92985,32.816658
2.0,-42.604298,7.2584977
4.0,24.304266,21.748003
0.0,-73.673355,43.009277
4.0,-22.013502,-24.596487
0.0,-58.488697,-79.27385
3.0,-73.509056,-4.5273232
4.0,-10.007355,-58.71586
4.0,-33.05883,-66.76098
4.0,-7.4540124,70.88607
4.0,-43.73974,-24.511461
0.0,47.07831,-71.59869
4.0,-6.1283803,-12.308767
4.0,-20.107115,-32.990635
0.0,-79.19396,32.155704
4.0,37.49721,20.348822
4.0,16.213114,9.126565
4.0,-1.7248654,26.316166
4.0,19.985128,39.680508
4.0,39.074886,28.327202
4.0,-11.770029,64.49786
0.0,4.864861,72.54435
3.0,-7.209078,-20.35241
4.0,45.006863,51.610382
4.0,38.34997,48.84092
0.0,-78.11915,-31.361813
0.0,-65.56313,-55.04597
4.0,-18.910984,-30.662716
2.0,-39.611774,29.958708
0.0,-45.39091,-87.45045
4.0,18.159529,23.997053
4.0,34.336235,78.3107
0.0,88.75832,-20.069546
4.0,-34.203342,84.136795
4.0,-32.3073,-33.853306
4.0,30.603434,43.856026
0.0,42.745747,-34.100185
3.0,-8.243908,-18.630436
0.0,88.7038,-18.528168
0.0,-93.12697,-2.9696376
4.0,1.1256367,42.200096
4.0,-33.440434,68.94912
4.0,-34.149914,68.364525
4.0,-26.9901,81.116844
0.0,-69.68785,45.463593
4.0,11.986265,3.1927457
0.0,26.978292,-92.087776
0.0,71.43598,55.397495
0.0,50.10953,13.268675
4.0,-37.08347,6.60094
4.0,18.363699,-35.978245
0.0,-69.77584,41.757496
4.0,-32.723106,-3.7839866
4.0,13.511072,47.2483
4.0,30.425611,8.041818
4.0,-35.178497,-35.391968
0.0,40.513218,-39.608154
4.0,-23.90922,-48.781227
4.0,13.862799,-52.303944
4.0,13.553994,-44.255775
0.0,-45.554405,-16.35216
4.0,16.614698,-15.571747
0.0,46.565426,-23.80404
0.0,-93.99867,-2.6993575
0.0,-78.70148,36.798954
4.0,17.654776,-14.562191
4.0,-60.66478,-21.571087
3.0,-69.453735,-6.233255
0.0,35.097214,100.56694
0.0,41.745255,9.530601
4.0,-7.5110006,73.6326
4.0,-5.3771505,79.84856
0.0,-67.103424,30.442057
4.0,25.829039,17.282738
0.0,-67.99751,56.228676
0.0,10.105722,66.71626
4.0,27.82765,40.499825
4.0,-19.909994,-68.99929
4.0,23.307827,7.3083954
4.0,45.820435,52.152042
0.0,-1.9384667,-52.10047
0.0,-17.351667,-67.74117
4.0,-27.628748,81.52471
4.0,33.769985,-60.076622
4.0,20.852978,23.801733
0.0,81.719826,22.55911
4.0,33.318066,-58.873325
0.0,34.9055,-34.461296
0.0,-50.79603,60.83945
4.0,-27.687056,81.59462
4.0,-0.8682068,18.143236
0.0,-65.88552,29.24462
2.0,-28.885904,28.027082
4.0,14.874766,-33.752613
4.0,49.819206,70.87115
0.0,-50.784477,45.84115
4.0,16.973833,16.24854
4.0,-60.271267,-22.694435
2.0,-55.94387,6.584048
2.0,-48.390076,30.412088
4.0,-43.3289,-44.183113
0.0,-98.37797,-3.9024227
3.0,-67.58795,-13.415722
0.0,-96.589455,-14.528719
0.0,52.72028,35.420334
4.0,28.390352,33.49402
4.0,-16.79477,-22.986313
4.0,-23.785233,43.96193
0.0,-68.785034,32.179672
4.0,32.688244,78.958755
2.0,-41.31634,8.97398
0.0,-84.58043,50.758167
4.0,-7.370008,38.330673
2.0,-49.064236,30.32492
0.0,-97.030624,30.515137
0.0,84.28176,12.30913
0.0,-65.3845,28.42652
0.0,-0.03604229,-50.1588
2.0,-33.378693,33.12031
4.0,-34.2043,1.2838154
0.0,82.728745,38.400723
4.0,-41.130707,-35.04871
4.0,-1.9753997,23.564548
0.0,43.60856,-48.163483
2.0,-55.803684,12.007635
0.0,41.598434,-38.765507
4.0,-31.764917,-49.072845
4.0,12.946842,44.060997
4.0,28.559633,87.59568
4.0,-29.026737,42.450233
0.0,53.493183,-24.688671
0.0,-25.863562,-83.05762
0.0,70.00821,52.567093
4.0,-41.023247,88.75728
2.0,-40.205082,19.33832
3.0,-64.70302,-19.361725
4.0,-33.76347,-72.31184
4.0,6.4915876,-7.4939966
4.0,-32.499325,-48.150578
0.0,35.272934,-33.06234
0.0,58.12697,-1.7424606
4.0,-42.1804,-22.203207
0.0,68.659454,51.66179
0.0,5.7593575,-24.71897
4.0,-74.23658,7.779889
0.0,86.557304,-43.515224
0.0,-53.63387,-74.99885
4.0,37.040684,41.32928
4.0,28.596884,-1.3094051
2.0,-49.757454,23.166636
2.0,-29.230114,25.904762
2.0,-55.588146,11.905176
0.0,-68.94159,-76.2199
4.0,-7.4592853,38.522472
4.0,-1.606135,-18.738132
4.0,-32.67416,66.5738
0.0,-15.239584,-85.87531
0.0,-54.924442,60.615993
4.0,-44.669056,-17.658962
4.0,-40.030445,-43.0662
0.0,-17.935715,-82.8684
0.0,42.68635,19.289095
4.0,-39.08894,87.11803
0.0,43.02135,11.593624
4.0,-39.06781,87.08383
0.0,-96.63165,33.228905
4.0,7.2311,20.174274
4.0,-12.145141,23.476439
0.0,9.997748,60.828705
4.0,9.731962,12.05704
4.0,-64.499626,-23.133204
4.0,-31.050108,-65.675385
4.0,0.6925365,40.202545
4.0,-8.064187,-20.900211
4.0,-3.237605,20.089365
4.0,-34.712654,-24.277903
4.0,-31.624619,70.998825
4.0,26.357742,88.707794
2.0,-31.629286,23.740412
4.0,14.267493,-2.2433639
0.0,-91.80896,-20.778942
2.0,-52.198402,8.1522045
0.0,82.63722,5.648522
0.0,-49.074036,57.843197
0.0,-49.36086,46.660866
4.0,11.307453,-33.15361
4.0,27.861893,52.491356
4.0,-13.154201,49.41507
0.0,-72.02607,29.371387
4.0,0.5251591,3.2676027
4.0,-13.157473,60.95723
0.0,-11.056919,8.317313
4.0,8.772173,10.604635
2.0,-49.225132,24.679626
0.0,-72.43576,59.630093
4.0,-32.261875,70.89148
4.0,-38.39243,-21.691402
0.0,-1.0582851,-51.033478
2.0,-55.248688,-3.2413442
4.0,40.624332,68.36387
0.0,-15.261018,-85.88435
0.0,5.852351,-24.654932
4.0,16.818085,16.173626
0.0,-96.27591,-12.709979
3.0,-60.2868,-0.4369503
4.0,-4.016566,8.028485
4.0,-41.47997,-15.866511
0.0,48.40325,-23.868841
4.0,14.367719,-20.662672
0.0,47.19122,13.020653
4.0,-18.64764,25.403357
0.0,78.70995,-71.53804
4.0,21.523554,81.74913
4.0,24.642765,22.345026
0.0,1.8979244,-100.79777
4.0,6.419178,47.376663
4.0,-34.971474,7.7187114
4.0,-4.5215144,75.45181
0.0,43.05804,1.5479901
4.0,-18.53379,-52.047146
3.0,-72.52364,-1.5033255
4.0,6.757953,-68.40203
4.0,-14.582266,0.5859261
0.0,39.85125,-77.44923
0.0,-84.02982,-32.00587
4.0,25.42468,16.994057
4.0,31.207695,39.716827
4.0,32.671707,21.558954
0.0,43.41905,-33.492558
4.0,-6.6205354,1.7692677
4.0,-3.2037003,19.974361
0.0,48.471054,-17.333805
4.0,41.536648,63.896587
4.0,-4.9258027,8.523867
4.0,-17.139105,23.1439
4.0,33.818913,52.511578
0.0,-76.2427,25.074965
0.0,-78.3555,-29.523594
3.0,-72.96137,-11.053283
4.0,-34.077305,85.01928
4.0,-19.066633,13.538416
0.0,-52.379135,60.461563
4.0,7.3436646,46.147705
0.0,26.727036,-89.95338
4.0,-5.4821086,8.6737175
4.0,-20.53232,25.039383
4.0,30.614424,-60.00131
4.0,-38.095524,84.867065
2.0,-4.9764137,-13.132776
4.0,17.09542,-55.22438
4.0,47.674675,73.4285
4.0,4.6585817,21.937845
4.0,15.851465,24.069252
4.0,-60.250217,-27.009706
4.0,-36.724167,5.8281846
4.0,-3.426054,-4.367551
0.0,-79.20965,47.37651
4.0,40.95949,54.616173
4.0,-34.333233,-72.900475
0.0,27.00719,-92.02844
4.0,19.508142,51.0996
4.0,-12.914276,61.961254
0.0,-33.2614,-35.521812
4.0,-20.676838,-66.54471
4.0,12.975339,-52.980583
0.0,12.148034,-21.824633
4.0,-37.392944,83.52034
4.0,-1.5193793,54.11277
4.0,31.867006,10.522214
0.0,-52.497154,60.491043
4.0,44.473324,23.371138
0.0,50.50337,-18.166054
4.0,38.421597,49.11554
0.0,-86.27712,22.074642
4.0,39.08318,28.356527
0.0,-55.785267,64.674706
0.0,-94.0664,-11.983729
4.0,-20.05269,-47.71418
4.0,-5.23369,3.1815674
0.0,14.342571,82.90424
0.0,-62.116577,35.277493
4.0,-2.5655212,43.036213
0.0,81.514496,41.83807
0.0,-66.48542,44.570587
4.0,19.66659,34.94577
0.0,-72.620346,43.853786
4.0,-27.561102,81.51433
4.0,46.59694,23.450237
0.0,57.412476,-26.257105
4.0,45.471302,24.024626
0.0,83.180016,34.888714
0.0,30.68579,-85.60298
4.0,-27.41147,58.419758
4.0,-66.29546,-19.034182
4.0,-3.1350513,-4.5112157
4.0,-17.810959,-18.979223
4.0,-46.16179,-6.363749
4.0,39.483883,36.385258
4.0,19.151947,-27.230598
4.0,-71.1955,11.650785
2.0,-44.288857,20.64125
4.0,-29.89624,75.22708
0.0,70.8341,53.904423
0.0,67.6405,41.117847
0.0,-68.739105,34.065033
4.0,25.684572,30.133106
4.0,-2.084924,55.119583
4.0,-18.311481,-34.83386
4.0,-3.475948,44.28875
2.0,-52.193497,27.770218
4.0,-8.923935,-57.36255
4.0,-53.652416,-36.879555
3.0,-7.669332,-20.56598
2.0,-29.316952,41.359524
0.0,-77.32304,24.994373
0.0,-10.651487,-65.347496
4.0,-57.82146,-29.88348
4.0,20.670324,17.651682
4.0,-25.08823,-2.9755118
0.0,-65.64409,21.179815
4.0,9.571349,10.101957
4.0,13.154994,-53.09242
0.0,50.114056,8.022138
4.0,-36.69694,-13.965601
2.0,-27.158997,22.457664
4.0,-25.240866,-1.7721568
4.0,24.944777,-48.34568
4.0,-25.405497,61.634174
0.0,43.00302,-75.78135
4.0,-9.526212,26.087662
0.0,-73.997314,41.4052
4.0,-5.5600586,8.683297
0.0,-25.259779,-1.0043161
4.0,-70.621315,-19.40991
4.0,30.539495,22.414959
4.0,-19.690968,13.412564
4.0,28.47528,-21.86461
2.0,-33.703907,43.940502
4.0,20.497944,72.382324
2.0,-53.130814,-4.920437
0.0,57.87331,-33.947357
4.0,-14.983139,33.292435
4.0,-59.198185,-29.149889
4.0,-16.093977,34.59956
0.0,-48.67219,-84.33562
4.0,13.681563,-3.4785159
4.0,23.791904,6.866674
0.0,-68.79045,34.439865
4.0,13.080072,-6.395511
0.0,95.21639,-24.119616
4.0,-19.210806,36.791195
3.0,-73.019104,-1.47297
4.0,7.986308,25.536455
0.0,-83.75914,26.0816
4.0,43.84181,66.78165
2.0,-41.33848,8.7163105
2.0,-54.16527,8.942182
0.0,-71.028336,-38.760433
4.0,-10.093464,-46.37293
2.0,-28.480219,28.517345
4.0,24.011751,72.952545
4.0,28.157658,-19.17265
4.0,27.494907,8.773855
4.0,42.008392,65.60787
0.0,83.87066,12.501334
0.0,-71.102104,30.30343
4.0,38.651836,44.096554
0.0,90.78678,-18.227743
4.0,-23.759642,43.897095
4.0,-9.4785595,26.120806
4.0,28.023415,55.38515
4.0,-16.557796,47.246128
4.0,13.027366,3.6541085
0.0,4.624908,-85.21166
0.0,-74.4029,57.59704
0.0,44.16162,18.161186
4.0,22.996534,7.7444925
0.0,90.03719,-21.587751
2.0,-3.4770513,-13.684387
4.0,-19.150734,-53.664967
4.0,-42.961685,-23.43402
4.0,-30.84379,-33.408012
4.0,-17.949133,-29.821918
0.0,-26.391972,-82.08332
0.0,80.09003,-40.72786
4.0,39.494926,36.363693
4.0,22.98754,-4.8467855
3.0,-61.536522,-19.250244
0.0,-76.61182,25.176617
4.0,19.43202,40.662804
0.0,48.312134,29.282326
4.0,-23.541624,43.528896
4.0,0.27036095,16.009972
4.0,28.340973,41.823284
4.0,16.138252,-33.58608
4.0,4.673336,21.798752
4.0,28.705463,41.337345
0.0,-18.31888,-82.1693
0.0,-89.05276,17.292423
0.0,42.381565,-76.090164
4.0,-27.732403,-72.214455
4.0,-28.724232,-59.736156
4.0,21.505938,7.9685464
4.0,15.789087,-40.097263
0.0,77.44525,29.752329
4.0,-46.7264,-36.76906
4.0,23.66324,-49.574074
0.0,16.557104,65.99319
2.0,-42.2992,30.925291
4.0,18.920681,-64.09892
0.0,-96.6603,-12.712992
4.0,22.482508,-45.95837
4.0,30.580393,33.312805
4.0,-5.4140263,-36.032784
4.0,-3.771345,-16.353533
0.0,26.732038,107.224
4.0,25.433807,35.985703
0.0,77.48303,-10.076439
4.0,40.627094,68.349174
0.0,57.728416,-34.68084
4.0,-41.033333,-15.010734
4.0,-8.265502,1.9285392
0.0,-95.095566,27.786358
2.0,-25.881435,22.422989
0.0,74.47817,18.042393
0.0,-63.944965,22.205395
0.0,-78.40927,-30.497866
0.0,67.710915,42.502914
4.0,-33.910442,-12.707945
0.0,-56.50714,-75.65034
0.0,54.62398,-25.004675
4.0,-30.810904,-51.514988
4.0,10.871823,34.57978
0.0,-78.36553,34.835827
0.0,73.98891,30.612741
4.0,-25.343897,2.90662
4.0,31.683174,33.433216
2.0,-17.35769,32.10686
4.0,-71.981155,10.479617
0.0,-7.2023544,-70.17525
0.0,-64.8228,26.67092
4.0,14.184852,47.603283
0.0,51.10456,-24.72177
0.0,10.38585,62.954273
0.0,-76.68857,33.530277
2.0,-41.21323,9.395703
0.0,73.00373,31.299688
4.0,42.117714,34.728413
4.0,13.108417,3.7892764
0.0,-49.220398,50.943844
3.0,-64.56244,-17.07552
0.0,-78.30125,35.11014
4.0,-41.776943,-34.45586
4.0,-15.44719,-30.28085
0.0,-96.58489,32.151104
4.0,23.886091,-11.809746
4.0,-45.499554,-47.98678
0.0,46.596012,-23.984646
2.0,-52.712097,6.8403215
4.0,-7.0041413,-17.517876
0.0,33.86022,5.720563
4.0,-36.75034,-43.705425
4.0,-3.017965,21.14524
0.0,81.10924,42.843113
0.0,-56.92685,-75.69828
2.0,-55.618214,8.813183
4.0,-47.44637,-41.794296
0.0,-49.136047,50.573223
4.0,-31.455795,-33.15833
0.0,78.46122,24.902716
0.0,-80.873436,37.57883
4.0,-4.0395284,51.62794
0.0,80.82007,23.126493
0.0,2.3281887,-100.89238
4.0,31.769121,-64.722595
4.0,-12.28232,-40.393494
0.0,44.096977,4.4989905
4.0,-7.4760437,73.66765
0.0,89.042496,-30.072222
4.0,-33.13699,-13.8862915
4.0,-17.551092,-49.671562
0.0,-9.5140705,80.197754
4.0,-35.46942,-64.03878
0.0,90.12177,-21.78677
4.0,21.078945,51.93001
4.0,30.828007,54.651516
4.0,-34.505444,-12.432092
4.0,-10.40401,-56.49602
0.0,51.360344,-63.701027
4.0,20.157433,7.487306
4.0,-28.364883,69.76835
4.0,18.295057,-62.25845
4.0,-7.2088757,-17.837706
0.0,87.6927,-30.647589
4.0,-6.7196593,-39.5323
4.0,-18.041769,-72.51359
0.0,8.233187,-23.445179
4.0,-33.14434,-1.2809216
0.0,-97.31814,35.83676
0.0,-94.96507,-2.5101078
4.0,-19.630827,24.967485
4.0,20.027052,35.49425
0.0,-78.77102,-29.598265
0.0,-70.68904,12.750526
4.0,34.727783,78.57268
4.0,-17.577396,-50.623737
4.0,32.746315,79.69991
0.0,-92.79602,-21.19841
2.0,-43.33678,31.434164
4.0,-5.786233,2.2485547
4.0,-23.22465,45.236725
2.0,-29.466911,37.18887
4.0,-34.14942,1.3377223
4.0,25.421768,-48.254616
4.0,-26.978458,7.8980947
0.0,71.22936,-6.282097
4.0,27.869204,41.480118
4.0,25.78458,30.36007
0.0,16.374971,81.17597
4.0,19.444925,-21.780598
0.0,1.2595332,-100.68677
4.0,-48.204266,-51.232597
4.0,-35.192036,-73.02622
4.0,-13.450106,40.220425
4.0,-30.2757,83.45442
4.0,-20.836432,-47.93564
4.0,-25.35364,11.071658
4.0,-46.610992,-57.981262
0.0,-25.91105,-84.06974
4.0,7.3094196,-7.2551265
4.0,-17.39572,-36.081764
4.0,-9.199181,-60.971523
4.0,21.19749,39.275093
0.0,2.546588,-49.77503
0.0,81.21825,38.387535
0.0,-67.40221,46.197422
4.0,-21.686525,-48.121376
4.0,-7.2067914,50.08904
4.0,34.081932,-56.871235
4.0,-25.740509,-14.51416
4.0,-46.679184,-24.534603
0.0,-88.895325,16.810661
2.0,-42.666748,25.340279
4.0,-33.428833,-32.456757
4.0,14.386291,-53.43744
0.0,57.4101,12.302755
0.0,-7.0284567,-72.09753
4.0,31.773245,10.258959
0.0,114.819595,-0.55396724
0.0,-79.52111,31.518234
0.0,-25.26633,-86.38412
4.0,-14.888335,-2.1208146
0.0,90.6707,-18.432867
4.0,28.717281,-48.30445
0.0,45.400303,11.590582
4.0,-10.505008,74.60259
4.0,-19.179457,-53.79768
4.0,-15.448446,-5.1780686
4.0,13.844519,45.46105
0.0,-72.55123,-37.73716
3.0,-72.83847,-5.4791026
4.0,-4.6445417,-65.5823
4.0,-36.10151,-23.608212
0.0,3.0413332,-50.77108
2.0,-52.28491,27.737339
0.0,79.74782,-40.34342
2.0,-21.650312,-21.850746
4.0,49.047264,53.48812
0.0,74.04267,-10.154806
2.0,-58.667053,4.3281035
4.0,34.889694,40.255577
0.0,-72.2292,-37.981762
4.0,-25.248749,-57.59543
4.0,-27.381641,11.757493
4.0,28.596708,-1.2639775
0.0,-55.774452,65.65103
0.0,45.90463,15.871255
0.0,-95.61378,-23.375624
4.0,5.325008,26.855108
4.0,5.5253696,18.191416
0.0,19.291468,76.70246
0.0,70.691765,17.65754
0.0,-72.64936,59.781635
0.0,77.0952,4.463363
0.0,14.621811,82.65653
4.0,-14.882857,-6.069641
4.0,-40.658092,-61.897713
0.0,-84.032074,51.274944
0.0,-21.462341,-89.87949
0.0,-49.952324,57.769955
4.0,-40.70449,-48.94775
4.0,23.118483,15.4173565
2.0,-46.25796,6.8115716
0.0,-54.322678,-71.26108
4.0,21.551476,81.7586
0.0,61.799255,-3.7838018
0.0,33.794884,-81.4264
4.0,-27.366009,11.744533
4.0,32.437557,53.501682
0.0,-46.33696,-16.86946
4.0,18.970005,-24.163368
4.0,-2.7266226,53.573116
0.0,45.918335,97.00224
0.0,-71.16177,-38.67665
0.0,81.5712,-33.11309
4.0,-4.7002735,3.1131334
4.0,-24.055887,-51.86211
0.0,-67.799904,55.07249
4.0,-27.00474,7.663979
4.0,-34.14321,-0.1445774
4.0,-51.92678,-38.914154
0.0,3.8461936,98.3153
4.0,-16.733974,38.32379
0.0,43.374138,-48.106133
4.0,-19.444164,-69.88629
0.0,73.55967,-28.658985
3.0,-64.1032,-19.553288
0.0,-49.421116,46.90963
4.0,-62.13046,-24.756804
0.0,-73.09343,60.396183
0.0,41.75159,9.086134
4.0,-22.736408,54.71829
0.0,3.8414392,98.31301
0.0,58.30286,-32.07952
4.0,-12.068796,49.078938
0.0,-102.11707,-0.90717965
0.0,38.37798,19.886906
0.0,42.925835,-3.1751006
0.0,33.913006,-81.3514
0.0,72.19419,-26.397951
4.0,9.596761,-8.943695
0.0,75.831116,-31.537733
0.0,-6.2892194,8.604606
0.0,42.561897,1.2393142
4.0,26.191528,88.803734
4.0,16.71685,-57.68148
4.0,7.0438643,-17.44648
4.0,23.83627,72.97242
4.0,-1.5958036,-18.752068
0.0,13.741866,65.29249
4.0,-35.38784,-60.188572
4.0,-12.167455,72.1285
0.0,-95.70004,-23.449896
0.0,-68.44502,56.905655
4.0,-37.2021,83.06984
4.0,-14.059189,-7.054278
4.0,-36.76693,-43.69354
4.0,29.855772,-48.172466
0.0,-68.994156,45.529125
4.0,-30.79807,-71.54015
4.0,42.102787,34.71931
0.0,-7.13435,-69.51556
4.0,-25.336441,2.8939326
0.0,25.60358,89.417984
4.0,21.147982,73.534065
4.0,25.47142,7.1527996
4.0,25.502293,35.928432
4.0,29.170017,40.854656
0.0,-91.33251,-4.2355785
4.0,25.0629,23.21664
0.0,-95.715225,-23.460632
0.0,-46.514805,-88.02578
4.0,-18.27919,-47.261337
0.0,75.967674,4.2855597
2.0,-57.01537,11.96945
4.0,-18.654573,-52.360058
4.0,19.043367,-24.986076
4.0,-18.416424,2.326184
2.0,-34.23261,44.056767
0.0,51.94076,37.00155
0.0,7.1283255,64.382866
4.0,24.078129,14.234389
0.0,50.697346,-24.33992
4.0,-38.821156,2.007375
0.0,-83.39783,-32.402107
4.0,22.86346,-4.858448
4.0,8.850067,-56.59773
4.0,-17.953014,-30.15068
4.0,21.123915,7.974438
4.0,26.640783,33.140194
0.0,-45.37197,-87.44327
0.0,91.89651,-25.11103
0.0,-19.325323,-80.640884
4.0,-14.373299,-34.005337
0.0,-47.37142,-57.53179
4.0,-12.80327,62.46392
0.0,-0.91721207,-51.68633
4.0,-20.63407,-75.11029
0.0,10.117263,-33.568542
4.0,-18.53488,21.522425
4.0,-36.96513,-61.738537
0.0,7.467019,69.24355
4.0,-7.0927124,70.99975
4.0,-10.377051,-43.411854
0.0,10.226821,-100.76438
0.0,42.347652,-34.84205
4.0,26.940874,-2.5092733
4.0,34.556957,21.213259
4.0,-25.479729,61.3619
4.0,38.234585,48.271275
0.0,73.12019,-3.1868088
4.0,-4.936103,29.36011
4.0,40.41505,68.47283
0.0,-78.96473,-55.877087
0.0,80.69493,32.838142
0.0,36.542133,-29.43205
4.0,-2.1292093,54.997406
4.0,-32.941696,-2.4860957
0.0,68.309105,51.86276
0.0,45.444843,97.02106
2.0,-39.371532,22.66407
0.0,46.619644,-39.119995
4.0,-45.39531,6.180007
0.0,61.717037,-31.567198
4.0,-40.863174,-49.190075
0.0,81.682106,-59.17131
0.0,52.04799,12.629501
0.0,42.9059,0.89286983
0.0,39.090454,-39.64539
4.0,5.687293,18.241308
4.0,34.721424,78.48832
0.0,61.625526,-31.577282
4.0,12.907085,44.09635
4.0,-23.873173,-48.793976
4.0,19.624615,-28.983147
4.0,27.761173,33.640434
0.0,5.392829,-24.991705
0.0,-20.578625,-80.753654
0.0,81.14251,-4.1149764
4.0,-41.106606,-51.641293
0.0,66.31354,39.236893
4.0,27.779343,56.281456
4.0,-16.014235,-4.1580534
4.0,26.889515,-48.29892
0.0,49.943333,-66.34198
4.0,7.08091,20.118193
0.0,46.204308,-24.420301
0.0,58.187325,-53.695362
0.0,-96.278534,39.038662
0.0,-24.383997,-81.46117
0.0,64.86665,57.509716
0.0,7.747643,-31.281126
4.0,-13.576588,49.75496
4.0,-27.659212,41.955875
2.0,-50.425148,7.457082
0.0,27.370031,-6.379348
0.0,104.47493,-13.3338785
0.0,7.3462677,-23.84902
0.0,114.63134,-0.005243114
4.0,-30.795914,58.437344
0.0,-97.58564,30.46786
0.0,64.34974,59.3666
0.0,-70.58196,12.64257
0.0,11.100561,61.424488
0.0,-71.678825,-75.758224
4.0,34.653603,79.21816
4.0,-27.578278,58.37687
0.0,-67.89209,-73.7352
4.0,-17.652597,-49.389393
4.0,-9.392436,-55.994366
0.0,48.783226,-22.77097
4.0,-30.665964,-71.344
0.0,79.12029,-65.259575
0.0,77.42798,-68.77424
4.0,25.742435,6.781693
4.0,36.889076,20.795261
0.0,-67.096214,18.635162
4.0,-48.43747,-41.654835
4.0,19.523079,-21.7068
0.0,-52.566036,-80.43087
4.0,19.81546,13.650728
4.0,11.979934,25.224218
3.0,-65.80992,-5.7270036
0.0,78.876114,-65.50138
4.0,29.442087,23.085726
4.0,-9.8546,-46.986473
2.0,-14.46261,32.899204
0.0,-13.972594,-86.68285
0.0,37.574554,-30.520054
0.0,12.754744,-80.90552
4.0,16.165815,15.751141
4.0,-16.6385,-42.38275
0.0,-21.725218,-89.183784
0.0,-49.256737,58.31056
4.0,-29.725328,58.486477
4.0,-19.788408,-31.678123
4.0,28.904406,23.872614
4.0,27.858742,-62.489388
0.0,39.72269,19.410955
4.0,-12.873923,-44.2494
4.0,10.943326,-3.1676002
0.0,42.978443,-3.8532145
4.0,-6.7477384,78.38448
4.0,-7.2875338,70.931046
0.0,80.104195,-40.799747
0.0,0.8526597,-100.286865
4.0,-4.586822,-65.37678
4.0,-11.087705,65.68557
0.0,57.244698,-27.824287
0.0,62.88073,-8.936845
0.0,51.43518,32.53496
0.0,-69.833595,41.825207
4.0,11.977032,-39.254257
4.0,38.627304,49.698452
0.0,71.45282,-6.351254
0.0,-96.47258,32.41043
0.0,-98.55503,29.358374
0.0,80.51663,32.291294
0.0,-66.86886,30.24305
0.0,-53.530193,-74.971596
4.0,-6.643309,51.836052
4.0,30.041546,-47.494736
4.0,-20.769909,38.306118
0.0,78.888435,-34.3653
0.0,103.96019,-14.255039
4.0,-31.46871,-72.94184
0.0,35.019726,-80.7397
4.0,-26.742289,-15.762293
2.0,-54.886932,10.909915
4.0,7.111993,-7.3693385
0.0,-95.043945,37.962097
0.0,-75.755035,-54.489754
4.0,0.29488194,7.1600013
4.0,18.043058,-43.3311
0.0,7.7508,-23.644089
4.0,41.957336,24.024868
0.0,43.353466,-6.6846967
0.0,52.21408,-19.240358
4.0,-43.066376,-49.337055
4.0,41.45582,63.69884
0.0,-11.039017,7.858484
4.0,-33.634087,68.74023
0.0,-69.34816,57.7037
0.0,92.15295,-22.69856
0.0,62.742287,60.65527
0.0,79.25812,-34.440098
4.0,-27.60881,-16.716373
4.0,-12.431133,63.45077
4.0,32.025078,-59.574993
0.0,80.39048,23.376722
4.0,23.632603,72.9691
4.0,-65.321884,-23.610968
4.0,0.88089794,40.550243
0.0,72.29033,31.645964
0.0,-65.05768,14.323755
4.0,-7.1103797,-11.9182625
4.0,-40.45984,88.22087
4.0,-22.793295,46.269016
0.0,91.141304,-17.426895
4.0,-17.92064,-30.929504
0.0,82.876884,33.68705
0.0,-79.22111,24.576994
0.0,49.185417,-79.62196
4.0,31.245653,-63.030087
0.0,3.0743096,-44.276894
4.0,11.96508,3.2113495
2.0,-28.990206,36.312607
0.0,89.5871,-41.677715
0.0,43.473774,18.741926
3.0,-63.65095,-20.29248
2.0,-30.641708,25.342983
4.0,-8.849626,-62.26546
0.0,57.284283,-12.213275
4.0,28.759274,87.47543
0.0,-81.178116,-34.46851
2.0,-31.445202,24.079824
0.0,-85.21971,47.275894
4.0,20.473963,-61.22548
4.0,-46.92481,-57.778725
0.0,60.995,-49.330902
0.0,5.5013533,-24.913683
0.0,-83.365326,-32.65064
0.0,47.24984,-39.641277
4.0,29.401466,32.413548
4.0,6.623349,47.23753
4.0,-11.449151,3.0456312
4.0,-60.34489,-26.858997
0.0,-17.502043,-67.67976
0.0,-72.95626,-53.68263
4.0,-32.77918,-3.4673648
4.0,-15.79001,37.74999
0.0,43.547703,97.11263
2.0,-59.33642,-19.513994
0.0,-78.15911,-33.01013
0.0,43.266033,-6.0857615
4.0,0.4485203,2.061993
4.0,41.765697,64.53113
0.0,-66.745186,44.752975
0.0,-50.244614,49.78045
4.0,-13.597912,-44.922314
4.0,6.2863917,17.1138
4.0,-42.72834,-21.096897
4.0,-7.944619,39.079426
4.0,-31.814518,-31.888367
4.0,17.68902,42.268063
0.0,62.50055,-6.3915043
0.0,-70.14965,31.271027
0.0,91.7721,-26.59408
4.0,31.3922,22.181248
0.0,27.32233,-91.15713
0.0,-71.3916,-76.545685
0.0,112.56509,8.7891865
4.0,14.876054,48.47281
4.0,33.050262,21.470081
0.0,-55.40168,65.75369
4.0,27.773926,-1.8555121
4.0,9.815529,12.052127
0.0,-53.066166,-80.18634
0.0,99.73059,-0.7270799
0.0,80.073494,-62.69853
0.0,84.989,-6.3248997
0.0,8.098662,-23.493513
0.0,64.7494,58.040848
0.0,-67.951416,-73.667175
0.0,43.0229,-4.269782
0.0,82.93149,38.465782
4.0,47.575695,54.440556
0.0,-45.11089,-15.8668995
0.0,-78.29346,-55.61585
4.0,-29.312866,-54.07352
0.0,3.4647245,-85.442566
0.0,1.9670451,-86.18807
0.0,82.13431,-58.24215
0.0,55.825493,12.23318
0.0,26.498114,-88.07168
4.0,5.539622,26.249327
0.0,-93.84616,-22.093199
4.0,21.79932,-38.7121
0.0,83.07689,13.730907
4.0,-1.8138676,26.468996
4.0,30.67347,44.562775
0.0,80.05442,-62.737617
4.0,5.366481,17.87486
4.0,-32.241497,-65.0814
0.0,114.347176,0.83481085
4.0,-27.03289,7.9635844
0.0,1.1382235,-85.199554
0.0,-85.7883,24.411404
4.0,50.887817,71.42605
0.0,64.97515,41.60611
4.0,-39.32611,-42.919785
4.0,-45.684666,-6.4961514
4.0,10.308657,-35.7552
0.0,3.8461936,98.3153
4.0,17.426014,-50.96327
0.0,-31.547619,-34.724606
4.0,30.829132,-59.633736
0.0,54.373802,-24.9195
4.0,-30.719246,68.03835
4.0,30.77005,21.99938
0.0,67.31377,39.303486
4.0,0.3007009,39.897552
0.0,74.574,17.969421
4.0,11.697811,34.59554
4.0,26.783714,-40.534126
4.0,-38.005585,6.773988
0.0,79.11248,-34.423496
4.0,-45.440105,6.2048235
4.0,8.958143,-10.869044
4.0,-16.891151,-4.297734
0.0,-73.25072,43.461643
0.0,-9.37938,79.92075
2.0,-50.72352,30.795118
0.0,40.595737,19.721796
4.0,14.3129425,-51.202812
0.0,80.43659,9.889973
2.0,-21.118233,-22.27043
0.0,48.61152,-23.506638
0.0,67.236626,28.71645
0.0,47.51614,13.281366
4.0,-28.32394,69.711075
4.0,-31.069323,61.509937
0.0,61.15598,-31.707308
0.0,18.890755,77.773796
0.0,-72.30204,-53.54418
0.0,-78.551,45.73363
0.0,-13.951279,-86.71413
4.0,-4.4156957,45.984844
0.0,45.3709,-19.541553
4.0,-9.073454,79.04892
4.0,10.276961,34.367477
0.0,89.270836,25.388601
0.0,-53.648468,-75.09454
0.0,41.772305,-45.680737
0.0,57.23508,-28.084217
0.0,-17.819122,-85.552
0.0,-91.84509,-3.649509
4.0,26.769602,-2.6505575
4.0,-5.3225675,-35.87627
4.0,39.089375,37.17581
4.0,-9.839307,-57.648922
0.0,-70.919586,11.894241
0.0,42.47638,-32.93415
4.0,26.637798,-2.9123912
0.0,73.92997,18.396759
1.0,-17.646772,-72.83289
0.0,77.40598,-10.0737095
0.0,-65.72953,-49.027306
0.0,-52.77549,43.668808
0.0,52.432457,-61.912205
4.0,-24.705084,79.16852
0.0,73.241066,34.157547
4.0,14.136923,47.970306
0.0,5.2846828,71.34455
4.0,-25.034033,-3.6279736
0.0,-19.298866,-80.718765
0.0,51.888737,-62.721447
4.0,35.088326,-64.445335
3.0,-72.756134,-11.750546
0.0,-21.31076,-89.01131
4.0,-19.058018,13.541095
0.0,-84.65836,31.785522
0.0,-77.03129,47.075813
4.0,27.94818,52.086567
0.0,13.628186,-80.266975
0.0,-91.18765,-3.9998338
0.0,-21.487757,102.737305
2.0,-47.88552,30.393137
4.0,27.804522,40.61663
0.0,67.01535,38.608437
4.0,37.08639,41.38514
0.0,-96.24604,-12.127499
4.0,6.8817396,-68.85025
4.0,49.77044,71.25441
4.0,24.235966,-11.506448
2.0,-15.829713,-23.7113
3.0,-77.10054,-5.2205005
4.0,-6.484542,7.343497
4.0,39.594097,51.427284
4.0,20.45067,-19.433252
0.0,57.54256,-54.13586
0.0,41.743656,9.344983
0.0,55.555645,12.225217
4.0,-41.863342,-43.554897
0.0,48.40313,29.347769
4.0,-24.22238,-12.788987
4.0,-45.841656,-47.788456
0.0,26.947075,107.08052
0.0,70.43615,-11.743513
0.0,-90.44904,-3.8989584
4.0,39.03907,25.610477
0.0,80.39708,3.0475593
4.0,32.968063,80.307465
4.0,-35.173912,-47.003807
4.0,-41.50302,-43.439842
4.0,10.785845,-39.289143
4.0,-30.866627,5.6026053
0.0,-73.39905,-37.086807
0.0,1.1712996,-46.511524
4.0,-25.172628,62.959
0.0,32.217785,-82.84098
2.0,-46.364197,31.287827
0.0,54.618755,-20.915152
0.0,37.385986,-13.313595
0.0,83.80309,-2.2187881
0.0,35.418755,-30.84964
0.0,45.912373,-74.48048
0.0,57.019566,-26.355627
0.0,-16.495474,-85.3624
0.0,-81.816444,53.020557
0.0,56.76927,-54.988
4.0,-16.11724,-30.028748
0.0,-65.29273,-47.447136
4.0,-45.186047,-59.90701
4.0,30.699091,54.483845
4.0,-37.3047,-18.990652
4.0,49.050068,70.298416
0.0,18.930576,77.63306
4.0,-24.426567,9.785296
4.0,-45.37102,-48.167423
0.0,77.79672,-33.34605
4.0,12.235557,24.792387
0.0,100.78995,1.8491732
4.0,18.933771,-63.94812
4.0,22.48103,-65.77916
0.0,57.65346,-35.01738
4.0,-9.198604,-41.716476
0.0,78.19019,4.230456
0.0,-20.845896,-88.76827
2.0,-28.718685,25.749756
4.0,-38.0302,6.794298
0.0,-90.427444,16.442137
4.0,-9.532509,-41.31027
0.0,43.61675,-49.40276
0.0,52.822098,12.377886
0.0,-97.02668,-2.6661038
4.0,-43.4206,-23.751554
0.0,61.57367,-31.615974
0.0,7.733878,-103.09057
0.0,57.32315,-11.955106
4.0,-34.09353,84.99917
0.0,101.10193,0.85578007
4.0,-21.6931,12.934478
4.0,39.441425,51.204742
2.0,-21.437494,-22.504723
0.0,48.07536,-68.84021
0.0,55.152424,-58.970722
4.0,-27.914734,82.35805
4.0,19.035774,-62.428562
0.0,74.54585,66.33519
0.0,6.208144,66.99557
0.0,-13.5251665,-86.92273
0.0,-82.45408,52.52142
0.0,-81.269325,26.555187
4.0,19.195448,23.643324
2.0,-49.978313,23.14865
4.0,-9.3765335,-55.94944
0.0,-68.268745,-72.74181
0.0,47.67032,-40.11604
0.0,63.13978,60.30754
0.0,43.299976,-6.3111897
0.0,47.713844,28.793428
4.0,38.983944,37.526546
4.0,27.905392,54.209087
4.0,-34.75163,-72.978546
4.0,-11.984566,23.610794
4.0,-32.571175,-32.750786
4.0,-77.39431,-26.321808
2.0,-40.870213,26.043
4.0,-7.210915,78.5889
4.0,16.956577,-15.229564
0.0,61.098156,-49.154594
4.0,-29.298782,-29.616665
4.0,7.7745357,25.572355
0.0,77.547844,-68.88305
0.0,50.692753,31.492887
0.0,75.87069,-31.564943
4.0,-34.260487,-24.205746
0.0,75.63016,68.03197
0.0,-92.8523,-21.282557
4.0,-30.04126,-65.08926
4.0,-18.309626,21.807056
0.0,80.11408,-34.256104
0.0,26.995302,-90.89024
4.0,15.117017,-43.52354
0.0,-64.68273,14.288385
0.0,72.98634,-6.202369
4.0,51.089043,71.49828
4.0,9.599604,-57.004242
4.0,-7.9304776,-8.455125
2.0,-55.34898,6.723097
0.0,-50.48278,60.87308
0.0,-102.00862,-0.95350707
0.0,86.34663,-44.049603
0.0,47.811707,-69.850334
0.0,72.40506,-5.6944003
0.0,-86.25128,21.850666
0.0,-72.19263,29.1836
0.0,109.61703,-10.967944
0.0,44.83694,-47.402386
0.0,-67.95303,55.84814
4.0,-33.69745,65.84833
4.0,30.89219,-59.150196
0.0,16.585716,65.99846
4.0,0.5112537,8.087221
4.0,38.483047,43.764946
4.0,-29.52938,6.201544
0.0,69.50332,-22.489939
0.0,65.06158,56.636612
4.0,-53.901775,-7.418066
2.0,-31.701233,23.54289
4.0,29.59571,31.407753
0.0,38.402527,-30.325079
2.0,-29.653566,28.054783
0.0,-7.195141,-70.09059
0.0,6.262537,-84.63224
0.0,-15.25841,-85.887566
4.0,11.111728,9.868115
4.0,4.327063,-69.0761
4.0,-50.446213,-50.65089
0.0,-84.98662,33.30168
0.0,85.90166,20.483791
4.0,20.525803,66.78302
0.0,0.16736847,-50.052277
4.0,12.41065,-6.04914
2.0,-38.759647,22.743568
2.0,-33.271294,33.3335
0.0,-24.92493,-0.11310314
4.0,-71.753845,10.790578
0.0,31.629366,103.81197
0.0,48.000324,-77.75749
4.0,12.262356,-5.0873876
0.0,-9.5381775,80.2117
4.0,-5.3088017,4.3229427
4.0,-31.065187,61.516533
0.0,-96.59282,-12.848873
0.0,37.438385,-13.549286
4.0,-12.35913,-40.41184
0.0,13.252166,-21.378422
0.0,71.20281,54.92574
0.0,-75.70368,24.905884
4.0,-41.1157,-63.49528
0.0,-93.47361,-21.451002
0.0,-49.54698,58.851578
0.0,86.8712,23.790918
0.0,19.237377,76.82773
0.0,48.756992,7.3768535
0.0,71.18086,-11.253568
0.0,37.08446,-11.073089
4.0,27.04022,-63.85689
4.0,24.22328,21.55335
4.0,-3.9058125,-65.78119
0.0,-96.55691,-12.844069
2.0,-50.805565,7.418687
4.0,-9.815017,-60.051453
4.0,38.93703,44.639328
2.0,-39.210606,7.143731
0.0,-78.28076,37.093918
4.0,-31.924091,-48.727352
4.0,-42.76113,-43.87953
0.0,-98.2799,27.249386
0.0,73.769,-3.1120198
4.0,-4.7566285,50.974148
4.0,34.574497,-63.021923
0.0,-17.997435,-82.743744
4.0,-30.862791,73.55556
0.0,73.97774,18.393986
0.0,18.435816,79.33972
0.0,86.452805,21.032152
4.0,19.964025,35.336803
0.0,47.572464,-39.986954
0.0,10.197853,-100.91868
0.0,44.143013,-47.659527
4.0,-4.1078734,28.785973
4.0,17.637255,51.77389
0.0,51.085457,-24.596045
0.0,92.70624,27.956846
4.0,-43.329952,-25.358524
0.0,5.801197,99.132675
0.0,34.195957,101.273766
4.0,-9.279782,-41.778027
0.0,80.44765,33.25614
4.0,-60.446983,-23.407806
0.0,-78.99667,24.667116
2.0,-36.91406,44.378685
2.0,-46.431034,6.978854
0.0,79.700775,-40.26116
0.0,9.155949,-32.133675
0.0,34.8664,-34.63297
4.0,7.896141,35.032043
0.0,42.5583,12.477735
0.0,10.388601,-101.1148
0.0,8.673559,-83.47779
0.0,-71.63989,-75.98746
4.0,-17.738083,46.155487
4.0,-8.999715,-61.133305
4.0,5.3629794,-2.25317
4.0,-27.572826,-72.34369
0.0,56.503017,-57.398304
0.0,-81.07938,37.587223
0.0,53.989727,12.2108555
0.0,35.09722,100.56692
0.0,75.65837,4.2208033
0.0,82.11819,-58.279404
4.0,-16.395037,47.39447
0.0,43.99628,4.782652
0.0,52.504818,35.72727
4.0,-20.811182,13.124918
2.0,-43.379955,24.171299
0.0,26.813444,107.23457
0.0,-50.71716,48.989735
0.0,-23.716866,-87.60872
0.0,9.95424,60.901657
4.0,-2.7023828,53.90204
4.0,24.458923,14.043697
0.0,71.45435,-5.6499143
0.0,-83.025154,26.54007
0.0,-7.2880797,7.3852286
0.0,109.65675,-10.874743
4.0,27.896322,-20.957472
4.0,32.138638,-65.45929
4.0,-12.955305,-32.485237
4.0,20.344604,72.0064
0.0,-68.656525,32.696365
4.0,-47.998787,-51.670322
4.0,-53.67223,-36.854214
0.0,-31.508724,-35.193027
0.0,87.74983,23.84658
0.0,-81.713165,53.056015
0.0,10.935432,-100.60901
0.0,-57.439762,-75.6354
0.0,80.51837,3.0500872
4.0,-34.456676,-72.91202
4.0,27.045012,17.558748
0.0,64.175934,59.423172
0.0,-95.74784,39.48119
0.0,37.302505,-12.805573
0.0,-98.560875,27.992256
0.0,57.676476,-1.6460284
0.0,-85.06327,50.268467
4.0,35.273117,18.814306
4.0,-40.700935,-64.01127
4.0,-35.174557,-46.999268
0.0,83.05561,33.843018
4.0,29.921316,-47.81526
0.0,-52.278557,-80.78135
4.0,-38.772312,1.6919824
4.0,-16.265553,47.49186
0.0,27.211203,-6.233397
4.0,-40.578728,-15.4305725
4.0,-32.42564,4.961367
0.0,84.18062,-3.160962
4.0,-47.723602,-52.392704
4.0,15.341286,16.014046
4.0,-10.528245,14.851218
0.0,26.924278,-96.613976
0.0,56.290894,-57.78674
0.0,37.81012,-29.81171
0.0,45.396053,-19.575705
2.0,-58.684258,4.3477926
4.0,-8.869162,72.67112
2.0,-36.13018,44.275204
4.0,47.28604,23.312466
4.0,46.741203,68.64583
0.0,7.8995285,62.609844
0.0,-59.993073,-78.25544
4.0,3.785983,-68.864235
0.0,7.8484817,-102.26539
4.0,-3.6883066,28.571478
0.0,4.1106257,-85.37141
2.0,-17.068752,-18.91007
4.0,-12.244322,-59.95521
0.0,-25.159933,-0.6172324
4.0,-3.301256,43.400227
0.0,-65.27219,-47.28108
4.0,-20.116297,23.651
0.0,96.05705,-23.167353
0.0,20.505724,81.09096
0.0,-80.32666,48.60255
0.0,10.256043,-33.483288
0.0,-7.0537033,-71.91974
0.0,-89.954056,16.472834
4.0,20.965763,16.782436
0.0,43.059315,-4.569484
2.0,-49.85537,26.839338
4.0,-28.93898,-31.13664
4.0,20.797855,73.502335
4.0,-21.576519,13.623219
0.0,-17.02703,-85.24581
4.0,34.638676,79.00445
4.0,-2.9333956,28.638754
2.0,-28.891676,26.984705
4.0,24.502048,23.306955
4.0,-2.4661822,52.967533
0.0,72.078804,30.585947
4.0,-23.83362,55.57074
4.0,0.4696176,3.5433497
0.0,75.63085,68.03174
4.0,-28.024153,-0.11961723
0.0,56.265385,-57.82102
4.0,-6.2218204,-37.4774
4.0,1.2990595,42.26659
4.0,15.670804,-3.3142903
0.0,-18.235128,102.35415
2.0,-31.908457,25.514544
0.0,-1.3007323,-51.114693
0.0,28.420334,-85.75765
0.0,73.559875,-28.663025
4.0,-14.902423,-2.2883842
0.0,53.10669,-61.27801
0.0,-70.35664,45.421726
0.0,-58.408337,-80.22384
0.0,87.38026,24.095022
0.0,53.635494,12.229829
0.0,46.752563,96.94222
0.0,-57.68727,-75.75463
0.0,-98.63053,33.2436
0.0,-67.90926,16.078539
4.0,14.185946,-43.879635
0.0,37.23246,-29.219576
0.0,91.924446,26.879892
4.0,-29.277365,6.1231775
0.0,13.311421,-80.50166
4.0,19.75384,40.036175
2.0,-13.35958,-7.9622383
4.0,31.85168,-64.90966
0.0,11.643854,-81.69509
4.0,-31.663408,-73.92652
2.0,-44.597416,31.050985
0.0,67.05706,27.977314
4.0,38.026585,30.50335
0.0,-47.929783,-85.08643
0.0,89.93018,-21.422865
0.0,30.865505,-85.40628
0.0,59.26565,-53.35525
0.0,70.42957,59.30729
0.0,9.68836,66.70365
0.0,78.87911,-65.49812
0.0,66.35608,-19.067013
0.0,81.65385,-59.230602
4.0,-13.482082,-32.462524
4.0,-7.5898156,70.91889
0.0,103.95912,-14.253145
4.0,-46.988964,-44.849003
4.0,38.724213,26.802511
0.0,87.13225,21.574175
0.0,10.785498,-22.362904
0.0,-68.71457,13.422448
0.0,91.88039,-40.942722
0.0,54.509434,-21.003473
2.0,-49.498177,26.68245
0.0,71.00376,-11.3436775
0.0,5.936487,68.37923
4.0,-34.739243,85.1686
0.0,-7.0449076,-72.00984
4.0,38.6894,49.838036
0.0,27.916971,-86.33473
0.0,42.86183,-32.961735
4.0,-12.376519,49.16961
0.0,-90.222534,16.315783
4.0,-17.700674,22.535538
4.0,-6.0816436,82.05187
4.0,-26.978052,-58.16258
0.0,-80.22784,-56.320545
0.0,13.759316,83.422874
0.0,-83.50756,47.909584
0.0,62.951706,-8.334196
0.0,-72.18907,59.669533
4.0,8.873544,-11.238465
3.0,-70.79344,-6.240214
0.0,54.96225,-4.790308
2.0,-47.209393,30.839035
4.0,49.195606,53.480553
0.0,-74.42476,57.56911
4.0,25.616875,27.290123
0.0,112.658195,9.5639305
0.0,36.000423,-80.17522
0.0,27.152542,-97.969086
4.0,-9.812059,25.875769
4.0,-16.823788,23.278147
4.0,-6.2080383,77.13785
0.0,-19.300575,102.31486
4.0,-41.362823,-21.752869
0.0,52.10636,34.05943
4.0,-43.101307,-21.425314
0.0,-48.704857,54.668682
0.0,42.511066,-32.788906
0.0,53.11228,35.48765
4.0,-38.217045,-61.00509
0.0,82.62677,5.6498275
4.0,25.593426,28.944088
0.0,-96.32129,-2.4773521
0.0,60.70672,-51.62964
4.0,10.562743,-8.821035
4.0,43.278286,66.654564
0.0,104.32969,-13.597938
0.0,63.353043,-15.173131
4.0,-38.8513,2.3543103
4.0,-26.80499,-31.303791
2.0,-27.62048,-22.725014
0.0,112.84815,10.881628
0.0,63.40695,-15.470481
0.0,6.334245,69.437706
4.0,23.328003,-49.993607
0.0,81.148994,-4.153513
0.0,83.888565,-42.063484
0.0,26.92847,-97.16636
0.0,73.69149,-28.90401
0.0,98.180115,-21.36148
2.0,-35.51194,44.195354
0.0,69.567345,-22.296747
4.0,14.133931,47.97803
3.0,-70.96249,-13.771414
4.0,17.117098,24.229692
0.0,4.903333,-19.933392
4.0,-41.48362,-30.951836
0.0,49.681778,-81.053444
4.0,14.561312,-53.547974
4.0,-27.888746,-16.90298
0.0,-97.209206,34.913414
0.0,91.40771,-27.876818
0.0,90.35908,-21.92675
0.0,78.54738,-71.40801
4.0,45.98696,68.16872
0.0,69.99141,-23.213867
0.0,7.733719,-31.274202
0.0,-83.05082,-33.263577
0.0,83.74842,-8.40179
4.0,-16.083168,37.95062
0.0,7.5162377,-103.967026
0.0,14.422581,82.83912
4.0,20.073322,66.97373
0.0,26.644331,-97.07101
0.0,31.592693,103.84638
4.0,22.46823,-65.784836
4.0,4.5806856,48.53454
2.0,-33.095234,27.63841
0.0,-85.14727,47.32901
0.0,-6.915047,9.183219
0.0,-102.0804,-0.9259064
0.0,5.9414525,69.58978
4.0,-4.750795,-65.62343
4.0,-4.6681767,75.47218
0.0,-95.307846,-12.270555
4.0,-31.78157,-73.78048
2.0,-46.96066,-3.457805
4.0,38.44785,43.695354
0.0,-64.86291,26.895916
0.0,63.33573,-15.072198
2.0,-47.74634,30.23242
4.0,12.037061,2.403701
4.0,-64.50091,-22.74819
0.0,-65.3132,21.54011
0.0,7.424885,-104.253876
0.0,-60.650448,-78.159386
0.0,34.72159,-29.04611
4.0,-38.808384,2.93115
4.0,-18.776808,-19.338312
0.0,40.49067,-77.1196
0.0,43.17699,1.9166019
2.0,-47.846554,-5.7234945
0.0,-67.68655,54.323235
0.0,69.73392,52.450787
0.0,48.446987,-68.93186
0.0,7.845731,62.643772
0.0,57.062454,-56.951626
4.0,-18.245937,-68.702576
0.0,7.484093,63.51579
0.0,75.7946,-31.506666
4.0,-17.925404,-29.570116
4.0,41.669296,66.94141
4.0,-46.82859,-48.980633
0.0,40.247593,-44.13556
0.0,5.0636277,-25.58293
0.0,76.72115,25.894321
4.0,-28.864595,-22.489553
0.0,-46.26377,-87.3564
0.0,91.614944,-40.806778
4.0,33.95317,52.419113
4.0,-45.54412,-5.940851
0.0,34.026134,-81.263336
0.0,42.953808,-3.5795023
4.0,23.359043,-49.950462
4.0,-8.603757,38.971085
4.0,-25.442318,61.47378
0.0,51.68913,33.05546
0.0,68.62136,51.655926
4.0,-10.566967,14.846054
0.0,57.28476,-12.20931
4.0,21.543755,5.3808513
0.0,-89.15248,16.718
2.0,-52.32149,5.5071306
0.0,-55.008266,-79.750786
2.0,-28.536795,36.224483
0.0,-25.382563,-1.2251369
4.0,38.88499,34.96865
0.0,56.21822,-26.155659
0.0,26.436865,-84.43759
0.0,77.58692,4.39162
0.0,-82.394295,-57.06789
4.0,-21.903337,14.177127
4.0,38.18842,30.075712
4.0,-1.7078276,-18.622301
0.0,45.411926,-19.65235
4.0,-47.55085,-24.758543
0.0,61.630154,1.9969459
2.0,-21.184248,26.564941
0.0,84.41529,-43.605778
0.0,-95.7609,-23.496918
4.0,-25.116434,-2.5879557
4.0,26.760574,57.58461
0.0,-89.824265,16.223785
4.0,-6.699404,51.952747
4.0,-38.672367,6.000724
4.0,13.100234,-43.754097
0.0,-58.221478,-80.41055
0.0,100.09164,-19.436672
0.0,-78.93402,45.900726
4.0,-21.715015,13.84911
0.0,-55.575283,65.848915
0.0,-98.276024,26.951899
0.0,87.651344,-30.665112
0.0,77.324684,-70.36803
0.0,46.330647,-38.91465
0.0,101.10193,0.85578007
0.0,-48.12135,-84.85137
0.0,81.767395,-10.834874
4.0,19.442387,-62.113354
4.0,-46.035145,-58.41858
0.0,-53.208572,-79.98056
0.0,-78.335,-31.799856
4.0,47.48338,55.022896
4.0,0.2595763,16.389534
0.0,28.544529,-84.90074
0.0,82.077576,4.9276447
0.0,64.99934,56.915962
0.0,42.465233,97.16319
4.0,5.883076,47.766773
0.0,83.19159,34.041744
4.0,-37.25583,83.109024
4.0,-12.711847,3.1444771
2.0,-40.554333,26.028072
0.0,-58.828136,-79.71524
4.0,-31.437048,-22.36179
0.0,41.763657,9.009704
0.0,7.9967275,-102.24509
4.0,10.828609,-3.1631198
0.0,14.026729,-21.269756
2.0,-43.899246,19.845894
2.0,-49.65039,27.059147
0.0,82.969894,38.48374
4.0,1.2465942,2.0629117
4.0,-29.07747,-59.317978
0.0,-72.960075,60.522655
0.0,-82.64238,-33.70675
0.0,-68.31711,-75.45373
0.0,38.810192,-39.75631
3.0,-72.71671,-4.7932453
0.0,84.65323,-5.0126343
0.0,26.875498,-93.85326
4.0,47.99007,69.53971
4.0,-34.375454,-12.001072
0.0,43.62962,-49.5627
4.0,35.167336,18.825222
0.0,11.133609,101.214714
0.0,54.855106,-59.287544
0.0,-71.14926,-38.681732
2.0,-28.523695,28.488775
0.0,-95.7576,-2.453808
4.0,-44.40959,-24.099306
0.0,71.34415,57.794056
0.0,28.37661,-90.60296
0.0,10.838435,-100.49205
0.0,27.096586,-97.23116
4.0,-50.806137,-51.045383
0.0,35.64095,100.14258
0.0,-47.549175,-85.50283
2.0,-43.535076,31.428179
0.0,54.95746,-4.896751
4.0,-60.163506,-21.10992
4.0,43.960037,66.858635
0.0,51.355453,32.405533
4.0,-41.00187,-63.8668
0.0,72.99234,-2.9419274
4.0,48.28287,53.562057
0.0,80.185715,-62.47206
0.0,-98.604355,28.990356
0.0,85.74572,-42.36521
0.0,26.541212,-84.43925
4.0,47.032925,68.84917
4.0,-57.519585,-6.0710325
0.0,43.54782,97.1123
2.0,-18.29625,-21.775526
4.0,-27.663528,-16.7614
4.0,35.20893,39.820324
0.0,-48.9827,56.347736
0.0,62.715916,-3.492975
4.0,-24.794378,0.8212716
4.0,-12.085698,49.07386
0.0,35.99143,-31.213589
0.0,99.58619,-0.525123
0.0,72.87383,31.877079
4.0,47.088028,23.353657
4.0,-10.354801,14.87879
4.0,-27.104248,-58.25792
0.0,-71.96123,59.95655
4.0,21.146908,39.211582
0.0,-76.47033,44.20926
0.0,45.910057,97.00371
0.0,87.17825,21.56515
2.0,-52.3929,5.6583548
0.0,74.51566,66.29428
4.0,27.037306,-38.995842
4.0,20.745201,18.093641
0.0,75.88613,68.45471
0.0,49.517715,-80.55788
0.0,80.0459,-40.846905
0.0,67.68135,28.668789
4.0,41.91942,64.928986
0.0,6.6836715,-84.45399
0.0,100.08649,-19.460262
0.0,81.562935,-33.115055
0.0,49.8784,-81.81333
0.0,49.034664,-79.46937
0.0,84.43145,-3.915328
0.0,83.80778,-6.689931
4.0,19.847195,-30.404497
0.0,84.52104,12.228506
4.0,23.130089,6.3237495
4.0,-19.8823,22.97976
4.0,13.236187,-3.8262165
4.0,13.685672,-7.2274837
0.0,-71.84234,45.06736
0.0,-69.10358,13.177218
4.0,21.069414,-5.31025
4.0,-12.953584,-44.26297
0.0,-47.285995,-85.82285
4.0,-29.040455,-54.48453
4.0,46.936363,52.95894
0.0,37.11784,-11.391755
4.0,-6.9078217,50.32154
4.0,-41.453815,-64.07329
0.0,-75.564354,33.18673
4.0,13.462215,-44.396328
0.0,59.397102,-53.865788
0.0,80.26703,9.590153
0.0,72.52582,57.502922
4.0,-24.130331,55.796562
0.0,-54.021107,-72.57751
0.0,82.62211,5.561952
4.0,-6.730434,-39.55321
0.0,-72.72913,-53.627872
4.0,-33.06792,70.8307
0.0,8.81131,-32.156548
0.0,8.670707,-32.080067
0.0,-101.642944,-1.113993
0.0,83.317276,-6.944349
0.0,39.82649,19.43654
0.0,-67.70799,54.554993
4.0,16.355225,43.33447
4.0,-50.291924,-50.030464
4.0,-34.9814,64.630875
2.0,-15.808803,-23.641146
0.0,47.83847,-69.744514
0.0,69.33084,16.76421
0.0,12.75469,-80.905396
0.0,66.36922,-19.084297
4.0,26.812649,57.51793
0.0,-48.813446,51.38585
4.0,11.614874,-39.26037
4.0,-32.853825,69.061165
0.0,83.99295,-9.738526
0.0,104.83366,-12.646936
0.0,83.890144,-9.641619
0.0,43.699406,4.902989
0.0,50.55411,31.32421
4.0,23.914305,72.95649
4.0,7.2156844,-69.195335
4.0,39.62605,25.194351
4.0,38.934586,35.16131
0.0,54.824333,-59.335957
0.0,43.657368,-48.859165
0.0,-76.32825,44.074818
4.0,2.5355875,-69.02637
4.0,-38.69453,-15.380304
0.0,90.97111,25.970654
4.0,-20.646591,-67.04392
0.0,89.26541,-41.809006
0.0,58.12866,-1.7427447
0.0,-55.83853,64.39206
0.0,104.83454,-12.644862
4.0,-8.200373,1.9124076
0.0,76.92953,25.680275
4.0,19.019737,-24.739456
0.0,2.7699335,-43.44505
4.0,-41.245632,88.97836
0.0,52.32909,36.202854
0.0,-72.03021,-53.527454
0.0,-50.337852,60.735836
4.0,-23.850168,-52.924767
4.0,26.59009,57.79188
0.0,73.444435,33.49757
0.0,82.636925,6.0903482
0.0,12.3789425,101.68745
0.0,62.386665,-5.8759036
4.0,-43.124397,-49.37201
2.0,-21.544806,35.364555
0.0,68.269455,59.60849
2.0,-24.781975,34.56962
0.0,-65.745094,-54.810802
0.0,-5.924501,82.19923
0.0,-45.833416,-87.33702
0.0,-1.145675,-50.426754
0.0,-66.279465,-54.566216
0.0,-80.86783,48.615673
4.0,7.3945675,21.00116
0.0,-79.84289,48.140358
0.0,84.19121,-44.04475
0.0,70.35776,59.785625
4.0,41.287422,63.310154
0.0,-25.908453,-84.55108
4.0,46.62578,68.54795
4.0,28.0621,56.128696
4.0,-52.03047,-38.795807
4.0,7.6205688,33.19679
0.0,-97.566216,30.403746
3.0,-68.598564,-6.7994156
0.0,82.999695,36.789253
4.0,-6.353594,7.3455005
0.0,-26.40443,-82.005844
4.0,-4.3066278,28.513746
4.0,-2.9471679,43.23957
0.0,-83.269455,51.82338
0.0,82.12857,-58.25436
4.0,28.637402,87.5586
0.0,91.86818,-40.734642
4.0,34.151405,-60.677963
0.0,83.39765,13.493414
0.0,-61.024963,-78.054405
4.0,-45.778675,-5.858746
0.0,7.188953,64.11405
0.0,0.4675892,-100.77171
0.0,-83.28257,-57.36628
0.0,50.60497,13.168188
0.0,-50.581146,47.15281
0.0,82.22079,22.222979
0.0,-97.18752,36.294464
0.0,-1.2841234,103.75171
0.0,97.528076,-21.92433
0.0,69.245125,59.72068
4.0,-48.083717,-50.975796
4.0,27.633627,8.470346
4.0,-32.96871,-2.2096827
4.0,20.63839,-43.648968
4.0,-47.60631,-6.01402
4.0,-37.966568,-20.592596
4.0,11.421963,-53.424927
0.0,99.29654,-20.271166
0.0,61.63018,1.9967188
4.0,10.297956,-35.76496
0.0,57.26995,-28.533358
0.0,5.8436947,69.89601
4.0,12.4295435,-53.008614
3.0,-76.01026,-5.229829
4.0,-43.772057,-48.975475
0.0,60.625816,-50.1462
4.0,-3.2906303,-4.460192
0.0,83.05304,20.437817
0.0,91.93142,26.901445
0.0,47.08092,-71.589195
4.0,9.941325,8.47113
4.0,4.73536,-69.28342
0.0,83.06663,36.80423
0.0,-48.731995,55.102356
4.0,-32.09365,-21.591192
0.0,48.101204,-40.757893
4.0,18.495031,-31.235523
0.0,69.49891,-22.494299
4.0,8.779965,-56.541252
4.0,9.773618,-57.068207
0.0,-67.51857,-52.826015
0.0,88.69156,-19.083126
4.0,-8.6545725,26.613327
0.0,-68.12452,-74.90397
3.0,-75.944916,-5.232307
0.0,74.54587,66.33521
0.0,84.9413,-42.762688
0.0,50.849136,-64.50556
0.0,5.9308963,68.76437
0.0,45.55679,-74.64701
4.0,-26.993505,58.19425
0.0,27.035347,-91.64282
0.0,-82.81601,52.164497
0.0,-76.4826,-54.727657
0.0,72.93802,-3.5743172
4.0,-33.540268,69.303696
0.0,74.4723,66.23638
0.0,1.3324771,-85.88435
0.0,90.33396,-29.345476
0.0,44.722507,-74.99498
3.0,-73.33518,-5.074291
0.0,13.784618,65.3775
0.0,64.98691,41.63298
0.0,11.880539,101.502045
0.0,78.7908,24.461102
4.0,-28.94249,-31.160744
4.0,9.4461355,-56.941025
0.0,-73.52337,-58.375164
0.0,36.244576,-80.03285
4.0,-17.431076,46.359627
0.0,79.50813,31.236654
0.0,-5.259193,107.13957
0.0,82.95257,19.996668
0.0,59.583485,-52.710682
0.0,54.982197,-4.480378
4.0,-43.19081,-25.743612
0.0,26.986326,-97.18745
4.0,-31.1958,-67.05519
0.0,-49.126637,56.54946
2.0,-36.34627,27.554848
0.0,73.80519,-10.148931
0.0,37.306835,-12.9512415
0.0,13.448996,83.6688
0.0,-68.80728,-76.17998
0.0,-77.82416,47.45826
0.0,49.085968,-79.476814
4.0,-2.2149668,42.664894
4.0,34.760204,-64.18776
0.0,-65.35519,28.360077
4.0,8.898,-56.618664
4.0,18.898277,-63.928886
4.0,-5.917963,-64.18212
4.0,-37.701897,-15.097578
0.0,95.24044,-23.879297
0.0,80.08244,9.279638
0.0,68.39533,38.24221
4.0,27.28867,-63.444267
0.0,80.89921,-60.84432
4.0,-74.23108,7.78993
0.0,71.30618,57.792255
4.0,-24.37598,10.7139
0.0,91.18582,-17.336847
4.0,-77.86251,-26.5708
4.0,-5.9157724,2.2828767
0.0,43.077602,97.135704
4.0,-20.414606,-76.06253
0.0,81.82699,-10.822094
2.0,-12.905897,-9.560663
4.0,-25.885056,-14.698174
4.0,20.312534,53.307808
4.0,18.837646,23.562786
2.0,-27.691376,-22.723036
0.0,83.89146,-8.622693
0.0,42.84879,-0.2928854
0.0,61.011784,-2.531213
0.0,83.991936,-44.11053
0.0,61.36103,-3.2768872
0.0,75.096054,17.488674
0.0,-94.97333,-2.5122662
0.0,41.89519,-45.83621
0.0,62.925842,60.492046
0.0,-66.60752,-51.568695
0.0,60.72164,-51.292076
0.0,8.600301,-83.51607
0.0,81.664696,-41.84906
0.0,49.26053,-66.454285
0.0,-67.8735,-53.255733
4.0,19.989399,38.81895
0.0,70.97476,-24.645006
0.0,-20.647188,102.582016
0.0,100.95871,1.2763081
0.0,80.359856,-34.174324
0.0,3.1631718,-43.53701
0.0,-68.603004,-76.14898
0.0,40.833897,-39.675842
0.0,13.839227,83.35033
0.0,7.6809106,64.19668
4.0,-20.144316,-33.923927
4.0,-46.90986,-41.634644
0.0,-103.28652,-0.3937846
0.0,81.404076,33.156235
0.0,-78.88151,-55.848587
4.0,17.453285,51.900684
0.0,80.87074,3.6870248
0.0,42.421486,-76.06082
0.0,57.363758,-11.701341
0.0,54.96216,-4.789785
0.0,57.363525,-11.701612
0.0,43.253067,-5.994715
4.0,-8.097204,73.20698
0.0,16.157784,81.35156
0.0,40.36614,-44.011944
0.0,48.729557,-67.181496
0.0,-1.6375176,104.05829
4.0,4.8300667,48.394344
4.0,11.0376425,-53.641773
0.0,51.94825,-19.179081
4.0,27.552431,56.62746
4.0,5.981328,-69.03643
0.0,77.32485,-70.36888
0.0,-45.11388,-15.846878
0.0,46.18682,-73.66555
4.0,-4.1888204,28.376629
4.0,-5.7498317,-12.473041
0.0,100.51946,-19.608923
0.0,26.854174,-94.79549
0.0,67.23322,39.317856
0.0,112.635925,9.399001
0.0,27.55994,-6.569932
0.0,48.759007,13.408807
0.0,-77.10656,-33.220036
2.0,-43.211933,26.34831
0.0,11.896318,-81.50876
0.0,0.9060226,-46.34265
3.0,-70.54919,-6.0659204
4.0,-41.278126,-15.661979
0.0,75.63019,68.0321
4.0,-22.795708,46.26458
0.0,83.15342,20.906477
0.0,67.31069,40.592575
0.0,49.82719,7.8538475
0.0,56.61135,12.262967
4.0,10.431785,9.710922
3.0,-67.11068,-16.801647
0.0,114.632,-0.007033785
4.0,2.2437155,-68.80631
0.0,50.768936,-64.45555
4.0,-47.36289,-41.74305
0.0,-23.967783,-87.432106
4.0,20.221474,-61.373333
0.0,71.41606,55.908722
0.0,73.41663,-28.42521
0.0,2.7847822,-43.490253
4.0,-53.36853,-6.5236716
0.0,114.81968,-0.5540241
4.0,-2.0250568,55.430443
0.0,-47.955856,-84.96111
0.0,90.64863,-29.112806
0.0,-52.93028,-79.91706
3.0,-65.38459,-5.635191
3.0,-71.70436,-12.688182
0.0,25.547369,89.45368
0.0,-95.583244,27.158224
3.0,-59.94077,1.5657448
4.0,-77.3226,-26.248144
0.0,84.57435,12.203347
3.0,-70.58143,-19.371315
0.0,-23.641432,-87.64234
3.0,-68.46466,-16.191093
0.0,-85.202805,50.084557
0.0,112.832466,-6.759939
4.0,-32.06063,-66.85688
0.0,77.71989,29.845339
0.0,90.94805,25.95626
4.0,-51.90559,-38.923298
4.0,-5.3110805,4.316059
0.0,14.211535,-20.98434
4.0,-13.216908,-44.50261
4.0,-3.7287903,51.84709
4.0,8.312092,-6.0071
0.0,-68.29491,-72.710655
0.0,63.335754,-15.072374
0.0,18.728096,78.36883
4.0,18.939854,-26.074749
0.0,4.840535,72.604034
4.0,32.826294,78.60924
4.0,-29.270407,59.652664
0.0,-3.5838203,-66.0551
3.0,-66.90778,-17.14752
0.0,7.840769,-102.2341
4.0,-24.227192,34.75408
4.0,-18.66118,-71.945656
0.0,61.15881,-49.052635
4.0,-23.814941,11.083851
4.0,-64.33458,-23.220133
4.0,20.216105,53.45488
0.0,77.16813,29.398703
0.0,80.49038,2.622006
0.0,84.51019,13.114923
4.0,45.200962,51.721825
4.0,51.17486,71.52917
0.0,26.505465,-87.737114
0.0,101.183334,0.5384369
0.0,55.022327,-3.9657102
0.0,-67.697235,-52.987717
4.0,8.042612,-69.36849
0.0,-71.43501,59.0767
4.0,18.832647,-63.606358
0.0,59.188286,-53.368767
3.0,-67.06684,-17.708967
4.0,26.757442,17.491814
0.0,80.96864,38.621918
0.0,-19.594376,102.347115
0.0,83.39661,-6.910983
3.0,-68.01533,-6.47907
0.0,61.626366,1.9779547
0.0,77.46984,-68.81224
0.0,-52.231594,44.08353
4.0,-23.099922,39.30806
4.0,28.168768,-18.982769
4.0,17.394506,-3.368675
0.0,-71.83078,-53.514763
0.0,91.86056,-40.848976
0.0,73.29685,34.294983
0.0,71.093254,-24.813505
0.0,-69.51463,41.697563
0.0,85.905426,20.483889
0.0,57.604607,-1.632677
0.0,-24.734213,-81.6834
0.0,60.416893,-51.0267
0.0,50.56308,-65.10755
0.0,-68.77501,13.388803
0.0,-76.27572,-54.655403
0.0,83.84235,-2.525353
4.0,-1.7413502,42.447975
0.0,61.63018,1.9967426
0.0,109.429924,-11.4454775
0.0,12.378939,101.68745
0.0,-95.19729,27.615175
4.0,-38.732414,1.5257066
0.0,90.94938,-28.834595
0.0,37.388542,-30.366693
4.0,-20.246286,-32.069363
0.0,104.3346,-13.595969
0.0,67.17726,28.154633
0.0,89.20282,24.51138
0.0,-68.92599,57.347965
4.0,27.551855,56.63033
3.0,-68.9849,-6.642902
0.0,69.056206,59.922573
0.0,100.105385,-1.2298771
4.0,15.716305,-33.685524
2.0,-47.056995,-3.3428118
4.0,-25.667545,42.772015
4.0,-50.457855,-50.682106
0.0,112.861626,10.971959
0.0,70.216805,52.200066
0.0,-22.001827,-89.248505
0.0,67.653,42.064095
4.0,-46.802044,-48.91855
4.0,11.262092,-39.294918
0.0,47.688812,-70.20815
0.0,12.683267,101.81576
0.0,86.143814,-44.32806
0.0,-25.916134,-84.09515
0.0,77.70379,-69.01679
0.0,1.769172,-85.910904
0.0,92.614044,27.726873
0.0,81.08511,42.863354
0.0,-25.207075,-86.43869
0.0,92.58592,27.61175
0.0,44.88608,97.04935
0.0,-103.23786,-0.41463414
0.0,-103.14142,-0.4577442
0.0,82.69985,39.642582
0.0,81.59905,41.784046
0.0,-1.7446054,104.15979
0.0,-24.884335,-0.04864653
0.0,45.89715,97.005295
4.0,-34.92726,64.67291
4.0,19.868885,-43.864178
0.0,35.373722,100.34753
0.0,100.95884,1.2765926
0.0,55.95102,12.237272
4.0,22.467081,-65.78857
0.0,112.83246,-6.7599545
0.0,-82.604675,-57.14144
0.0,-80.385796,-56.37518
4.0,-22.68869,46.669395
4.0,-12.251547,23.370012
0.0,42.847656,0.46798456
0.0,26.846643,107.2492
0.0,56.440575,12.253595
4.0,26.633924,-64.53959
0.0,4.0812488,98.42382
0.0,-76.283646,-54.664967
0.0,80.8908,-60.865177
0.0,12.942973,101.90624
0.0,96.96883,-22.425629
0.0,112.83315,-6.758087
0.0,73.640335,-28.806974
0.0,-6.798342,108.636894
0.0,66.10255,39.2921
0.0,-6.798342,108.636894
0.0,4.9391828,98.79073
0.0,81.08519,42.863354
0.0,112.81469,10.630581
0.0,-6.7983475,108.63689
0.0,-6.7983418,108.636894
4.0,47.688892,73.42531
0.0,-65.98331,-54.801342
0.0,49.54604,-80.5971
4.0,20.956577,52.108986
0.0,69.992226,-23.218924
0.0,-82.39299,-57.069836
0.0,-1.8319958,104.23997
0.0,112.83138,-6.762233
0.0,84.83077,11.524565
0.0,12.94289,101.90622
4.0,-33.302933,85.63643
0.0,78.995384,-65.38098
4.0,-21.373308,38.69032
0.0,109.66394,-10.874542
0.0,4.5389276,98.62833
0.0,-1.8321676,104.24008
4.0,13.811425,45.40339
0.0,31.62939,103.81197
0.0,-5.2590566,107.14074
0.0,88.11392,23.369608
0.0,-5.2590566,107.14074
2.0,-20.849201,25.8974
0.0,63.459602,-15.780857
4.0,-23.275894,39.392227
4.0,-10.637819,-44.04036
0.0,69.6644,-22.737553
0.0,60.535244,-1.9146293
0.0,92.18613,-24.203964
0.0,-48.7033,54.867992
0.0,-94.1629,-12.003785
0.0,26.846643,107.2492
4.0,-34.852318,64.73835
0.0,37.60174,-14.283549
4.0,-31.493181,-22.525404
0.0,53.14019,-61.251255
0.0,37.30214,-12.804028
0.0,6.2571836,-84.634544
0.0,-65.44565,-55.126408
4.0,-31.647093,-33.609604
4.0,-26.938202,78.63258
0.0,4.8899374,-19.948511
2.0,-41.323895,10.108271
4.0,-18.981636,13.541928
0.0,84.10698,-44.107025
4.0,-6.2051325,-37.29518
0.0,2.2852337,-86.177605
0.0,65.20425,40.73659
4.0,-26.913137,-31.316957
0.0,88.72606,-41.411587
4.0,-32.36794,-32.516567
0.0,-83.012436,-57.274605
0.0,48.196896,-40.92705
0.0,114.819824,-0.5541353
4.0,-45.657776,-5.908958
0.0,70.77541,52.861534
0.0,35.967472,99.89066
0.0,4.4656224,-85.26327
